caseid,art,female,married,kid5,phd,mentor,arttrunc,kid5_0,kid5_1,kid5_2plus,kid5cat,male,phdadeq,phdcat,phdelite,phdgood,phdstrong,profage
221,0,Male,Married,0,2.51,3,,Yes,No,No,0-kids,Male,No,Good,No,Yes,No,25.405903
612,2,Male,Married,0,2.96,2,2,Yes,No,No,0-kids,Male,No,Good,No,Yes,No,26.553669
779,3,Male,Married,2,1.38,8,3,No,No,Yes,2-3-kids,Male,Yes,Adequate,No,No,No,26.398375
518,1,Male,Married,2,3.1900001,5,1,No,No,Yes,2-3-kids,Male,No,Strong,No,No,Yes,33.581985
906,7,Male,Single,0,3.6900001,19,7,Yes,No,No,0-kids,Male,No,Strong,No,No,Yes,33.363968
498,1,Male,Married,1,1.8099999,5,1,No,Yes,No,1-kid,Male,Yes,Adequate,No,No,No,26.806032
348,1,Male,Married,1,4.6199999,16,1,No,Yes,No,1-kid,Male,No,Elite,Yes,No,No,30.275862
575,2,Male,Married,0,1.72,1,2,Yes,No,No,0-kids,Male,Yes,Adequate,No,No,No,33.537334
403,1,Male,Single,0,4.29,11,1,Yes,No,No,0-kids,Male,No,Elite,Yes,No,No,27.491388
635,2,Male,Married,3,2,8,2,No,No,Yes,2-3-kids,Male,No,Good,No,Yes,No,30.583759
507,1,Male,Married,1,1.6799999,12,1,No,Yes,No,1-kid,Male,Yes,Adequate,No,No,No,30.904398
896,7,Male,Single,0,2.54,6,7,Yes,No,No,0-kids,Male,No,Good,No,Yes,No,31.010897
602,2,Male,Married,3,4.3400002,7,2,No,No,Yes,2-3-kids,Male,No,Elite,Yes,No,No,33.801586
717,3,Male,Married,2,1.8,6,3,No,No,Yes,2-3-kids,Male,Yes,Adequate,No,No,No,32.224091
759,3,Male,Married,0,1.78,0,3,Yes,No,No,0-kids,Male,Yes,Adequate,No,No,No,33.003258
598,2,Male,Married,1,3.1900001,10,2,No,Yes,No,1-kid,Male,No,Strong,No,No,Yes,30.515869
597,2,Male,Married,2,1.97,0,2,No,No,Yes,2-3-kids,Male,Yes,Adequate,No,No,No,27.301905
558,2,Male,Married,2,1.8,6,2,No,No,Yes,2-3-kids,Male,Yes,Adequate,No,No,No,32.211349
533,2,Male,Married,2,2.96,8,2,No,No,Yes,2-3-kids,Male,No,Good,No,Yes,No,30.100626
458,1,Male,Married,0,1.52,2,1,Yes,No,No,0-kids,Male,Yes,Adequate,No,No,No,27.025
893,6,Male,Single,0,1.97,4,6,Yes,No,No,0-kids,Male,Yes,Adequate,No,No,No,26.953514
663,2,Male,Married,1,2.52,10,2,No,Yes,No,1-kid,Male,No,Good,No,Yes,No,28.357479
588,2,Male,Married,2,4.29,10,2,No,No,Yes,2-3-kids,Male,No,Elite,Yes,No,No,30.776464
230,0,Male,Married,0,2.3199999,4,,Yes,No,No,0-kids,Male,No,Good,No,Yes,No,34.163204
586,2,Male,Married,1,1.52,3,2,No,Yes,No,1-kid,Male,Yes,Adequate,No,No,No,24.518417
643,2,Male,Married,0,4.29,17,2,Yes,No,No,0-kids,Male,No,Elite,Yes,No,No,26.827286
775,3,Male,Married,0,3.47,8,3,Yes,No,No,0-kids,Male,No,Strong,No,No,Yes,32.643749
583,2,Male,Married,1,3.1500001,7,2,No,Yes,No,1-kid,Male,No,Strong,No,No,Yes,31.199745
305,1,Male,Married,1,3.5899999,5,1,No,Yes,No,1-kid,Male,No,Strong,No,No,Yes,31.765638
464,1,Male,Single,0,2.05,3,1,Yes,No,No,0-kids,Male,No,Good,No,Yes,No,30.284811
185,0,Male,Single,0,2.26,5,,Yes,No,No,0-kids,Male,No,Good,No,Yes,No,26.155151
577,2,Male,Married,0,1.52,5,2,Yes,No,No,0-kids,Male,Yes,Adequate,No,No,No,33.612274
364,1,Male,Single,0,2.1500001,10,1,Yes,No,No,0-kids,Male,No,Good,No,Yes,No,28.934515
821,4,Male,Married,2,4.54,21,4,No,No,Yes,2-3-kids,Male,No,Elite,Yes,No,No,29.84293
345,1,Male,Married,2,1.74,4,1,No,No,Yes,2-3-kids,Male,Yes,Adequate,No,No,No,30.853565
862,5,Male,Married,1,2.96,4,5,No,Yes,No,1-kid,Male,No,Good,No,Yes,No,28.629534
446,1,Male,Married,1,2.0999999,8,1,No,Yes,No,1-kid,Male,No,Good,No,Yes,No,26.069025
541,2,Male,Single,0,3.6900001,26,2,Yes,No,No,0-kids,Male,No,Strong,No,No,Yes,30.483786
289,1,Male,Married,1,2.6099999,6,1,No,Yes,No,1-kid,Male,No,Good,No,Yes,No,30.223711
567,2,Male,Married,0,1.1799999,0,2,Yes,No,No,0-kids,Male,Yes,Adequate,No,No,No,27.259958
732,3,Male,Married,2,1.95,3,3,No,No,Yes,2-3-kids,Male,Yes,Adequate,No,No,No,35.686169
383,1,Male,Married,2,4.29,6,1,No,No,Yes,2-3-kids,Male,No,Elite,Yes,No,No,26.913353
511,1,Male,Single,0,2.76,7,1,Yes,No,No,0-kids,Male,No,Good,No,Yes,No,24.515303
412,1,Male,Married,1,3.5899999,6,1,No,Yes,No,1-kid,Male,No,Strong,No,No,Yes,32.702988
561,2,Male,Married,0,4.1399999,16,2,Yes,No,No,0-kids,Male,No,Elite,Yes,No,No,31.682589
4,0,Male,Married,1,1.1799999,3,,No,Yes,No,1-kid,Male,Yes,Adequate,No,No,No,32.268265
658,2,Male,Married,0,2.0999999,2,2,Yes,No,No,0-kids,Male,No,Good,No,Yes,No,33.875084
607,2,Male,Married,1,2.76,8,2,No,Yes,No,1-kid,Male,No,Good,No,Yes,No,29.985357
660,2,Male,Married,1,2.0999999,3,2,No,Yes,No,1-kid,Male,No,Good,No,Yes,No,33.07901
864,5,Male,Married,0,4.29,30,5,Yes,No,No,0-kids,Male,No,Elite,Yes,No,No,35.558537
53,0,Male,Married,2,2.96,12,,No,No,Yes,2-3-kids,Male,No,Good,No,Yes,No,39.309467
560,2,Male,Married,0,2.76,3,2,Yes,No,No,0-kids,Male,No,Good,No,Yes,No,27.92485
455,1,Male,Married,1,4.54,45,1,No,Yes,No,1-kid,Male,No,Elite,Yes,No,No,35.541805
494,1,Male,Married,0,3.54,11,1,Yes,No,No,0-kids,Male,No,Strong,No,No,Yes,30.661335
150,0,Male,Married,3,3.5899999,7,,No,No,Yes,2-3-kids,Male,No,Strong,No,No,Yes,24.868443
423,1,Male,Married,2,1.75,1,1,No,No,Yes,2-3-kids,Male,Yes,Adequate,No,No,No,23.434694
378,1,Male,Single,0,3.3599999,10,1,Yes,No,No,0-kids,Male,No,Strong,No,No,Yes,25.247841
669,2,Male,Single,0,4.54,55,2,Yes,No,No,0-kids,Male,No,Elite,Yes,No,No,30.527527
74,0,Male,Single,0,4.29,2,,Yes,No,No,0-kids,Male,No,Elite,Yes,No,No,27.879618
606,2,Male,Married,0,4.29,24,2,Yes,No,No,0-kids,Male,No,Elite,Yes,No,No,33.700581
222,0,Male,Single,0,2.8599999,3,,Yes,No,No,0-kids,Male,No,Good,No,Yes,No,28.497791
778,3,Male,Married,2,2.0999999,4,3,No,No,Yes,2-3-kids,Male,No,Good,No,Yes,No,32.055477
128,0,Male,Married,0,3.21,2,,Yes,No,No,0-kids,Male,No,Strong,No,No,Yes,27.507099
390,1,Male,Married,3,2.96,6,1,No,No,Yes,2-3-kids,Male,No,Good,No,Yes,No,31.398115
537,2,Male,Married,1,4.29,13,2,No,Yes,No,1-kid,Male,No,Elite,Yes,No,No,27.017174
425,1,Male,Married,3,3.1500001,11,1,No,No,Yes,2-3-kids,Male,No,Strong,No,No,Yes,28.037088
671,2,Male,Married,1,3.4200001,3,2,No,Yes,No,1-kid,Male,No,Strong,No,No,Yes,30.463152
675,2,Male,Married,0,4.6199999,3,2,Yes,No,No,0-kids,Male,No,Elite,Yes,No,No,30.382092
114,0,Male,Married,0,2.54,5,,Yes,No,No,0-kids,Male,No,Good,No,Yes,No,34.963161
420,1,Male,Married,0,3.5899999,12,1,Yes,No,No,0-kids,Male,No,Strong,No,No,Yes,35.140186
676,2,Male,Married,2,1.86,6,2,No,No,Yes,2-3-kids,Male,Yes,Adequate,No,No,No,34.133987
439,1,Male,Single,0,2.76,6,1,Yes,No,No,0-kids,Male,No,Good,No,Yes,No,28.960957
683,2,Male,Married,1,1.25,2,2,No,Yes,No,1-kid,Male,Yes,Adequate,No,No,No,30.513803
848,4,Male,Married,0,1.505,4,4,Yes,No,No,0-kids,Male,Yes,Adequate,No,No,No,25.878201
915,19,Male,Married,0,1.86,42,19,Yes,No,No,0-kids,Male,Yes,Adequate,No,No,No,26.294035
863,5,Male,Married,0,4.54,13,5,Yes,No,No,0-kids,Male,No,Elite,Yes,No,No,23.320185
801,4,Male,Married,2,1.72,2,4,No,No,Yes,2-3-kids,Male,Yes,Adequate,No,No,No,23.823
290,1,Male,Married,0,4.25,12,1,Yes,No,No,0-kids,Male,No,Elite,Yes,No,No,33.940796
315,1,Male,Single,0,1.86,15,1,Yes,No,No,0-kids,Male,Yes,Adequate,No,No,No,30.308477
330,1,Male,Married,1,1.74,4,1,No,Yes,No,1-kid,Male,Yes,Adequate,No,No,No,22.576199
311,1,Male,Married,2,2.96,0,1,No,No,Yes,2-3-kids,Male,No,Good,No,Yes,No,25.360151
873,5,Male,Married,0,1.25,2,5,Yes,No,No,0-kids,Male,Yes,Adequate,No,No,No,31.384592
430,1,Male,Married,2,4.29,0,1,No,No,Yes,2-3-kids,Male,No,Elite,Yes,No,No,26.874592
291,1,Male,Single,0,2.3599999,14,1,Yes,No,No,0-kids,Male,No,Good,No,Yes,No,26.856564
754,3,Male,Married,0,4.29,15,3,Yes,No,No,0-kids,Male,No,Elite,Yes,No,No,28.553247
514,1,Male,Married,1,3.5899999,19,1,No,Yes,No,1-kid,Male,No,Strong,No,No,Yes,26.303953
129,0,Male,Single,0,2.0999999,0,,Yes,No,No,0-kids,Male,No,Good,No,Yes,No,30.832512
799,4,Male,Married,1,2.96,57,4,No,Yes,No,1-kid,Male,No,Good,No,Yes,No,24.698698
328,1,Male,Married,1,1.78,77,1,No,Yes,No,1-kid,Male,Yes,Adequate,No,No,No,32.731247
510,1,Male,Married,1,3.47,1,1,No,Yes,No,1-kid,Male,No,Strong,No,No,Yes,32.25267
888,6,Male,Married,1,3.8499999,16,6,No,Yes,No,1-kid,Male,No,Strong,No,No,Yes,29.810726
321,1,Male,Married,0,1.75,3,1,Yes,No,No,0-kids,Male,Yes,Adequate,No,No,No,31.480665
505,1,Male,Married,1,1.22,0,1,No,Yes,No,1-kid,Male,Yes,Adequate,No,No,No,26.370897
60,0,Male,Single,0,2.96,0,,Yes,No,No,0-kids,Male,No,Good,No,Yes,No,28.104673
201,0,Male,Married,2,4.1399999,12,,No,No,Yes,2-3-kids,Male,No,Elite,Yes,No,No,31.126661
307,1,Male,Single,0,3.4000001,6,1,Yes,No,No,0-kids,Male,No,Strong,No,No,Yes,32.205597
793,4,Male,Married,0,4.29,2,4,Yes,No,No,0-kids,Male,No,Elite,Yes,No,No,31.798161
806,4,Male,Married,0,3.47,4,4,Yes,No,No,0-kids,Male,No,Strong,No,No,Yes,24.377064
881,6,Male,Married,0,4.3400002,9,6,Yes,No,No,0-kids,Male,No,Elite,Yes,No,No,27.302866
703,3,Male,Married,2,4.54,31,3,No,No,Yes,2-3-kids,Male,No,Elite,Yes,No,No,29.120333
856,5,Male,Married,0,4.3400002,6,5,Yes,No,No,0-kids,Male,No,Elite,Yes,No,No,28.961323
548,2,Male,Married,0,3.4000001,9,2,Yes,No,No,0-kids,Male,No,Strong,No,No,Yes,29.235006
96,0,Male,Married,0,1.52,7,,Yes,No,No,0-kids,Male,Yes,Adequate,No,No,No,32.167656
83,0,Male,Married,1,3.4000001,18,,No,Yes,No,1-kid,Male,No,Strong,No,No,Yes,29.42028
183,0,Male,Single,0,4.54,8,,Yes,No,No,0-kids,Male,No,Elite,Yes,No,No,32.767628
211,0,Male,Married,2,3.3399999,1,,No,No,Yes,2-3-kids,Male,No,Strong,No,No,Yes,34.032627
105,0,Male,Married,2,1.8099999,1,,No,No,Yes,2-3-kids,Male,Yes,Adequate,No,No,No,30.523855
18,0,Male,Married,2,4.29,13,,No,No,Yes,2-3-kids,Male,No,Elite,Yes,No,No,30.549511
807,4,Male,Single,0,3.4100001,7,4,Yes,No,No,0-kids,Male,No,Strong,No,No,Yes,28.9998
798,4,Male,Single,0,3.4100001,21,4,Yes,No,No,0-kids,Male,No,Strong,No,No,Yes,29.282463
682,2,Male,Married,0,2.55,24,2,Yes,No,No,0-kids,Male,No,Good,No,Yes,No,29.444788
769,3,Male,Married,1,3.5899999,14,3,No,Yes,No,1-kid,Male,No,Strong,No,No,Yes,30.189131
355,1,Male,Married,1,1.63,8,1,No,Yes,No,1-kid,Male,Yes,Adequate,No,No,No,25.628811
849,4,Male,Married,2,2.5799999,6,4,No,No,Yes,2-3-kids,Male,No,Good,No,Yes,No,28.109821
702,3,Male,Single,0,4.6199999,8,3,Yes,No,No,0-kids,Male,No,Elite,Yes,No,No,28.431355
796,4,Male,Single,0,4.54,5,4,Yes,No,No,0-kids,Male,No,Elite,Yes,No,No,27.976467
610,2,Male,Married,2,2.21,12,2,No,No,Yes,2-3-kids,Male,No,Good,No,Yes,No,25.553131
626,2,Male,Married,0,2.51,5,2,Yes,No,No,0-kids,Male,No,Good,No,Yes,No,28.463125
377,1,Male,Single,0,4.29,2,1,Yes,No,No,0-kids,Male,No,Elite,Yes,No,No,27.040634
115,0,Male,Married,2,2.1500001,4,,No,No,Yes,2-3-kids,Male,No,Good,No,Yes,No,27.129921
51,0,Male,Single,0,4.54,5,,Yes,No,No,0-kids,Male,No,Elite,Yes,No,No,35.443378
467,1,Male,Single,0,4.29,10,1,Yes,No,No,0-kids,Male,No,Elite,Yes,No,No,28.274822
89,0,Male,Married,0,4.29,19,,Yes,No,No,0-kids,Male,No,Elite,Yes,No,No,28.196323
465,1,Male,Married,0,4.29,1,1,Yes,No,No,0-kids,Male,No,Elite,Yes,No,No,32.353535
784,4,Male,Married,0,2.8299999,5,4,Yes,No,No,0-kids,Male,No,Good,No,Yes,No,27.340586
902,7,Male,Married,0,3.6900001,9,7,Yes,No,No,0-kids,Male,No,Strong,No,No,Yes,32.493008
714,3,Male,Married,0,2.96,8,3,Yes,No,No,0-kids,Male,No,Good,No,Yes,No,33.92313
854,5,Male,Married,1,3.1500001,5,5,No,Yes,No,1-kid,Male,No,Strong,No,No,Yes,32.452015
25,0,Male,Married,3,2.76,1,,No,No,Yes,2-3-kids,Male,No,Good,No,Yes,No,29.680487
419,1,Male,Married,0,4.54,2,1,Yes,No,No,0-kids,Male,No,Elite,Yes,No,No,29.302736
907,8,Male,Married,0,2.51,11,8,Yes,No,No,0-kids,Male,No,Good,No,Yes,No,29.327673
24,0,Male,Married,1,2.8599999,4,,No,Yes,No,1-kid,Male,No,Good,No,Yes,No,27.115183
547,2,Male,Married,1,4.54,53,2,No,Yes,No,1-kid,Male,No,Elite,Yes,No,No,32.608952
67,0,Male,Married,0,4.54,10,,Yes,No,No,0-kids,Male,No,Elite,Yes,No,No,28.303871
914,16,Male,Married,0,1.74,21,16,Yes,No,No,0-kids,Male,Yes,Adequate,No,No,No,31.486765
620,2,Male,Married,2,4.3400002,17,2,No,No,Yes,2-3-kids,Male,No,Elite,Yes,No,No,31.807371
448,1,Male,Married,1,2.26,5,1,No,Yes,No,1-kid,Male,No,Good,No,Yes,No,21.530651
566,2,Male,Married,1,2.3900001,4,2,No,Yes,No,1-kid,Male,No,Good,No,Yes,No,35.210663
45,0,Male,Single,0,2.0999999,6,,Yes,No,No,0-kids,Male,No,Good,No,Yes,No,31.467663
486,1,Male,Married,0,2.5,0,1,Yes,No,No,0-kids,Male,No,Good,No,Yes,No,28.225021
713,3,Male,Married,0,4.54,37,3,Yes,No,No,0-kids,Male,No,Elite,Yes,No,No,30.878927
661,2,Male,Married,1,1.78,1,2,No,Yes,No,1-kid,Male,Yes,Adequate,No,No,No,29.489239
473,1,Male,Single,0,3.3599999,0,1,Yes,No,No,0-kids,Male,No,Strong,No,No,Yes,29.905125
354,1,Male,Married,2,2.76,8,1,No,No,Yes,2-3-kids,Male,No,Good,No,Yes,No,33.346657
903,7,Male,Single,0,4.3400002,19,7,Yes,No,No,0-kids,Male,No,Elite,Yes,No,No,27.10504
435,1,Male,Married,1,3.6900001,5,1,No,Yes,No,1-kid,Male,No,Strong,No,No,Yes,30.785751
631,2,Male,Married,0,4.3400002,5,2,Yes,No,No,0-kids,Male,No,Elite,Yes,No,No,29.822477
574,2,Male,Married,0,1.63,8,2,Yes,No,No,0-kids,Male,Yes,Adequate,No,No,No,28.263208
268,0,Male,Single,0,4.29,35,,Yes,No,No,0-kids,Male,No,Elite,Yes,No,No,23.849026
414,1,Male,Married,0,2.96,7,1,Yes,No,No,0-kids,Male,No,Good,No,Yes,No,33.134071
804,4,Male,Married,1,1.76,11,4,No,Yes,No,1-kid,Male,Yes,Adequate,No,No,No,26.123888
841,4,Male,Married,1,2.5799999,25,4,No,Yes,No,1-kid,Male,No,Good,No,Yes,No,29.011089
905,7,Male,Married,1,3.5899999,27,7,No,Yes,No,1-kid,Male,No,Strong,No,No,Yes,31.313976
76,0,Male,Married,2,2.5799999,5,,No,No,Yes,2-3-kids,Male,No,Good,No,Yes,No,35.954609
43,0,Male,Single,0,3.9200001,5,,Yes,No,No,0-kids,Male,No,Strong,No,No,Yes,28.147434
429,1,Male,Married,0,4.29,0,1,Yes,No,No,0-kids,Male,No,Elite,Yes,No,No,25.963097
156,0,Male,Married,1,2.21,5,,No,Yes,No,1-kid,Male,No,Good,No,Yes,No,29.808746
93,0,Male,Married,0,1.42,3,,Yes,No,No,0-kids,Male,Yes,Adequate,No,No,No,35.744942
481,1,Male,Married,1,2.8599999,17,1,No,Yes,No,1-kid,Male,No,Good,No,Yes,No,34.810169
325,1,Male,Married,2,2.5599999,22,1,No,No,Yes,2-3-kids,Male,No,Good,No,Yes,No,28.173843
195,0,Male,Married,2,3.4000001,13,,No,No,Yes,2-3-kids,Male,No,Strong,No,No,Yes,34.208595
648,2,Male,Married,0,2.5,0,2,Yes,No,No,0-kids,Male,No,Good,No,Yes,No,25.877647
625,2,Male,Married,2,3.3199999,27,2,No,No,Yes,2-3-kids,Male,No,Strong,No,No,Yes,30.751959
426,1,Male,Married,1,3.5899999,9,1,No,Yes,No,1-kid,Male,No,Strong,No,No,Yes,32.152596
502,1,Male,Married,1,4.29,2,1,No,Yes,No,1-kid,Male,No,Elite,Yes,No,No,35.838001
436,1,Male,Single,0,4.29,9,1,Yes,No,No,0-kids,Male,No,Elite,Yes,No,No,33.732895
680,2,Male,Married,0,1.76,0,2,Yes,No,No,0-kids,Male,Yes,Adequate,No,No,No,28.760014
694,2,Male,Married,2,4.29,30,2,No,No,Yes,2-3-kids,Male,No,Elite,Yes,No,No,29.681858
432,1,Male,Married,1,4.54,3,1,No,Yes,No,1-kid,Male,No,Elite,Yes,No,No,29.064272
405,1,Male,Single,0,2,9,1,Yes,No,No,0-kids,Male,No,Good,No,Yes,No,34.348946
895,7,Male,Married,0,3.5899999,1,7,Yes,No,No,0-kids,Male,No,Strong,No,No,Yes,29.107487
698,2,Male,Married,1,4.54,6,2,No,Yes,No,1-kid,Male,No,Elite,Yes,No,No,34.956875
160,0,Male,Married,0,2.8599999,8,,Yes,No,No,0-kids,Male,No,Good,No,Yes,No,30.407173
85,0,Male,Married,0,2.21,19,,Yes,No,No,0-kids,Male,No,Good,No,Yes,No,29.040932
594,2,Male,Single,0,2.26,2,2,Yes,No,No,0-kids,Male,No,Good,No,Yes,No,31.973129
399,1,Male,Single,0,4.1399999,5,1,Yes,No,No,0-kids,Male,No,Elite,Yes,No,No,26.288124
535,2,Male,Married,1,4.54,10,2,No,Yes,No,1-kid,Male,No,Elite,Yes,No,No,30.50156
393,1,Male,Married,2,2.5,4,1,No,No,Yes,2-3-kids,Male,No,Good,No,Yes,No,22.57325
343,1,Male,Married,1,3.4000001,2,1,No,Yes,No,1-kid,Male,No,Strong,No,No,Yes,27.669254
468,1,Male,Married,1,3.5899999,2,1,No,Yes,No,1-kid,Male,No,Strong,No,No,Yes,30.519371
478,1,Male,Married,2,4.29,9,1,No,No,Yes,2-3-kids,Male,No,Elite,Yes,No,No,35.563869
531,2,Male,Married,1,4.29,2,2,No,Yes,No,1-kid,Male,No,Elite,Yes,No,No,26.960758
814,4,Male,Married,2,3.54,2,4,No,No,Yes,2-3-kids,Male,No,Strong,No,No,Yes,30.202932
352,1,Male,Married,0,2.26,1,1,Yes,No,No,0-kids,Male,No,Good,No,Yes,No,28.052893
570,2,Male,Married,2,2.96,21,2,No,No,Yes,2-3-kids,Male,No,Good,No,Yes,No,29.471094
381,1,Male,Married,0,4.6199999,18,1,Yes,No,No,0-kids,Male,No,Elite,Yes,No,No,35.19627
723,3,Male,Married,2,4.29,0,3,No,No,Yes,2-3-kids,Male,No,Elite,Yes,No,No,32.218658
77,0,Male,Married,2,2.1199999,0,,No,No,Yes,2-3-kids,Male,No,Good,No,Yes,No,34.297829
97,0,Male,Single,0,4.6199999,8,,Yes,No,No,0-kids,Male,No,Elite,Yes,No,No,29.372589
313,1,Male,Married,0,4.29,11,1,Yes,No,No,0-kids,Male,No,Elite,Yes,No,No,33.532238
716,3,Male,Married,0,2.3199999,4,3,Yes,No,No,0-kids,Male,No,Good,No,Yes,No,30.274849
519,1,Male,Married,0,2.96,0,1,Yes,No,No,0-kids,Male,No,Good,No,Yes,No,32.289272
444,1,Male,Single,0,4.29,14,1,Yes,No,No,0-kids,Male,No,Elite,Yes,No,No,28.332478
78,0,Male,Married,1,2.21,1,,No,Yes,No,1-kid,Male,No,Good,No,Yes,No,31.326723
422,1,Male,Married,3,1.67,3,1,No,No,Yes,2-3-kids,Male,Yes,Adequate,No,No,No,32.543663
622,2,Male,Married,1,2.5599999,7,2,No,Yes,No,1-kid,Male,No,Good,No,Yes,No,33.940544
816,4,Male,Married,0,2.54,11,4,Yes,No,No,0-kids,Male,No,Good,No,Yes,No,29.279106
744,3,Male,Married,0,3.6900001,24,3,Yes,No,No,0-kids,Male,No,Strong,No,No,Yes,23.625486
846,4,Male,Married,2,3.6900001,16,4,No,No,Yes,2-3-kids,Male,No,Strong,No,No,Yes,28.824039
440,1,Male,Married,2,3.6199999,4,1,No,No,Yes,2-3-kids,Male,No,Strong,No,No,Yes,31.16934
789,4,Male,Single,0,2.52,6,4,Yes,No,No,0-kids,Male,No,Good,No,Yes,No,27.338884
699,2,Male,Single,0,4.29,9,2,Yes,No,No,0-kids,Male,No,Elite,Yes,No,No,32.321487
726,3,Male,Married,1,4.29,18,3,No,Yes,No,1-kid,Male,No,Elite,Yes,No,No,26.887445
629,2,Male,Married,0,4.54,11,2,Yes,No,No,0-kids,Male,No,Elite,Yes,No,No,29.545755
715,3,Male,Single,0,2.8699999,12,3,Yes,No,No,0-kids,Male,No,Good,No,Yes,No,35.077774
246,0,Male,Single,0,2.96,0,,Yes,No,No,0-kids,Male,No,Good,No,Yes,No,29.200867
22,0,Male,Married,3,2.96,3,,No,No,Yes,2-3-kids,Male,No,Good,No,Yes,No,28.902546
339,1,Male,Married,1,4.6199999,3,1,No,Yes,No,1-kid,Male,No,Elite,Yes,No,No,30.30986
39,0,Male,Married,1,1.22,2,,No,Yes,No,1-kid,Male,Yes,Adequate,No,No,No,28.089071
520,1,Male,Married,1,2.76,7,1,No,Yes,No,1-kid,Male,No,Good,No,Yes,No,34.130772
353,1,Male,Married,2,2.8599999,7,1,No,No,Yes,2-3-kids,Male,No,Good,No,Yes,No,28.00993
235,0,Male,Married,1,2.1199999,10,,No,Yes,No,1-kid,Male,No,Good,No,Yes,No,31.102438
372,1,Male,Married,1,3.9200001,8,1,No,Yes,No,1-kid,Male,No,Strong,No,No,Yes,31.488497
767,3,Male,Married,0,1.25,4,3,Yes,No,No,0-kids,Male,Yes,Adequate,No,No,No,31.645956
278,1,Male,Married,1,4.29,13,1,No,Yes,No,1-kid,Male,No,Elite,Yes,No,No,31.44257
263,0,Male,Married,1,2.0999999,0,,No,Yes,No,1-kid,Male,No,Good,No,Yes,No,25.084822
169,0,Male,Married,0,2.96,0,,Yes,No,No,0-kids,Male,No,Good,No,Yes,No,29.546181
157,0,Male,Married,2,3.6900001,5,,No,No,Yes,2-3-kids,Male,No,Strong,No,No,Yes,25.167885
442,1,Male,Single,0,2.8699999,12,1,Yes,No,No,0-kids,Male,No,Good,No,Yes,No,29.400684
636,2,Male,Single,0,3.9200001,10,2,Yes,No,No,0-kids,Male,No,Strong,No,No,Yes,26.254005
707,3,Male,Married,1,2.6099999,5,3,No,Yes,No,1-kid,Male,No,Good,No,Yes,No,30.734032
809,4,Male,Married,2,2.05,13,4,No,No,Yes,2-3-kids,Male,No,Good,No,Yes,No,35.802338
217,0,Male,Married,0,1.52,4,,Yes,No,No,0-kids,Male,Yes,Adequate,No,No,No,40.672104
95,0,Male,Single,0,4.1399999,5,,Yes,No,No,0-kids,Male,No,Elite,Yes,No,No,23.70635
773,3,Male,Married,2,2.5799999,2,3,No,No,Yes,2-3-kids,Male,No,Good,No,Yes,No,29.911688
901,7,Male,Single,0,4.54,42,7,Yes,No,No,0-kids,Male,No,Elite,Yes,No,No,27.055737
441,1,Male,Married,1,4.29,14,1,No,Yes,No,1-kid,Male,No,Elite,Yes,No,No,28.116821
356,1,Male,Married,2,4.29,12,1,No,No,Yes,2-3-kids,Male,No,Elite,Yes,No,No,30.293711
324,1,Male,Married,2,4.25,20,1,No,No,Yes,2-3-kids,Male,No,Elite,Yes,No,No,33.811962
9,0,Male,Single,0,4.6199999,6,,Yes,No,No,0-kids,Male,No,Elite,Yes,No,No,31.213011
180,0,Male,Married,1,2.0999999,0,,No,Yes,No,1-kid,Male,No,Good,No,Yes,No,27.633461
546,2,Male,Married,2,2.96,46,2,No,No,Yes,2-3-kids,Male,No,Good,No,Yes,No,28.345051
766,3,Male,Married,0,3.47,14,3,Yes,No,No,0-kids,Male,No,Strong,No,No,Yes,33.169296
368,1,Male,Married,2,1.75,2,1,No,No,Yes,2-3-kids,Male,Yes,Adequate,No,No,No,26.072908
38,0,Male,Single,0,4.29,9,,Yes,No,No,0-kids,Male,No,Elite,Yes,No,No,28.641792
522,2,Male,Married,0,3.3599999,4,2,Yes,No,No,0-kids,Male,No,Strong,No,No,Yes,30.867447
482,1,Male,Married,1,2.8599999,17,1,No,Yes,No,1-kid,Male,No,Good,No,Yes,No,27.703331
202,0,Male,Married,1,2.3900001,5,,No,Yes,No,1-kid,Male,No,Good,No,Yes,No,32.452423
303,1,Male,Married,0,1.6799999,34,1,Yes,No,No,0-kids,Male,Yes,Adequate,No,No,No,24.200647
491,1,Male,Single,0,2.8699999,5,1,Yes,No,No,0-kids,Male,No,Good,No,Yes,No,31.115618
771,3,Male,Married,0,4.29,38,3,Yes,No,No,0-kids,Male,No,Elite,Yes,No,No,30.179293
380,1,Male,Married,1,2.5599999,16,1,No,Yes,No,1-kid,Male,No,Good,No,Yes,No,27.935684
126,0,Male,Married,1,2.8599999,13,,No,Yes,No,1-kid,Male,No,Good,No,Yes,No,31.01619
544,2,Male,Single,0,4.54,37,2,Yes,No,No,0-kids,Male,No,Elite,Yes,No,No,25.22364
897,7,Male,Single,0,3.4100001,20,7,Yes,No,No,0-kids,Male,No,Strong,No,No,Yes,30.287312
394,1,Male,Married,0,1.6799999,8,1,Yes,No,No,0-kids,Male,Yes,Adequate,No,No,No,26.884995
761,3,Male,Married,0,3.9200001,0,3,Yes,No,No,0-kids,Male,No,Strong,No,No,Yes,32.197945
312,1,Male,Single,0,4.29,15,1,Yes,No,No,0-kids,Male,No,Elite,Yes,No,No,25.777346
261,0,Male,Married,1,1.8099999,5,,No,Yes,No,1-kid,Male,Yes,Adequate,No,No,No,30.813803
288,1,Male,Married,1,2,16,1,No,Yes,No,1-kid,Male,No,Good,No,Yes,No,25.151451
802,4,Male,Married,2,2.8599999,15,4,No,No,Yes,2-3-kids,Male,No,Good,No,Yes,No,31.362196
306,1,Male,Married,0,2.5,0,1,Yes,No,No,0-kids,Male,No,Good,No,Yes,No,29.049423
298,1,Male,Married,3,4.29,0,1,No,No,Yes,2-3-kids,Male,No,Elite,Yes,No,No,35.10553
297,1,Male,Married,0,4.1399999,15,1,Yes,No,No,0-kids,Male,No,Elite,Yes,No,No,31.741013
488,1,Male,Single,0,2.5599999,16,1,Yes,No,No,0-kids,Male,No,Good,No,Yes,No,28.186655
727,3,Male,Married,1,2.54,6,3,No,Yes,No,1-kid,Male,No,Good,No,Yes,No,32.044003
265,0,Male,Married,2,4.29,2,,No,No,Yes,2-3-kids,Male,No,Elite,Yes,No,No,28.478144
582,2,Male,Married,2,2.8699999,20,2,No,No,Yes,2-3-kids,Male,No,Good,No,Yes,No,30.901232
445,1,Male,Married,0,1.78,4,1,Yes,No,No,0-kids,Male,Yes,Adequate,No,No,No,30.499725
232,0,Male,Married,1,1.6799999,27,,No,Yes,No,1-kid,Male,Yes,Adequate,No,No,No,28.161587
143,0,Male,Single,0,2.5,0,,Yes,No,No,0-kids,Male,No,Good,No,Yes,No,30.207438
734,3,Male,Married,0,2.76,8,3,Yes,No,No,0-kids,Male,No,Good,No,Yes,No,31.227812
59,0,Male,Married,1,3.9200001,1,,No,Yes,No,1-kid,Male,No,Strong,No,No,Yes,33.278107
758,3,Male,Married,1,2.21,10,3,No,Yes,No,1-kid,Male,No,Good,No,Yes,No,28.214617
506,1,Male,Married,0,2.0999999,0,1,Yes,No,No,0-kids,Male,No,Good,No,Yes,No,31.104794
251,0,Male,Married,0,3.4000001,13,,Yes,No,No,0-kids,Male,No,Strong,No,No,Yes,29.41485
855,5,Male,Married,1,3.1500001,27,5,No,Yes,No,1-kid,Male,No,Strong,No,No,Yes,25.538649
28,0,Male,Married,1,4.29,3,,No,Yes,No,1-kid,Male,No,Elite,Yes,No,No,31.822901
869,5,Male,Married,1,3.47,0,5,No,Yes,No,1-kid,Male,No,Strong,No,No,Yes,25.299784
276,1,Male,Married,0,2.54,4,1,Yes,No,No,0-kids,Male,No,Good,No,Yes,No,30.949007
240,0,Male,Single,0,4.29,5,,Yes,No,No,0-kids,Male,No,Elite,Yes,No,No,28.406551
860,5,Male,Married,1,2.5799999,25,5,No,Yes,No,1-kid,Male,No,Good,No,Yes,No,29.921417
628,2,Male,Married,2,3.54,16,2,No,No,Yes,2-3-kids,Male,No,Strong,No,No,Yes,24.915859
832,4,Male,Married,1,2.55,21,4,No,Yes,No,1-kid,Male,No,Good,No,Yes,No,32.645473
884,6,Male,Married,1,2.96,13,6,No,Yes,No,1-kid,Male,No,Good,No,Yes,No,31.904226
47,0,Male,Married,0,2.5,1,,Yes,No,No,0-kids,Male,No,Good,No,Yes,No,30.523346
634,2,Male,Married,2,2.5,5,2,No,No,Yes,2-3-kids,Male,No,Good,No,Yes,No,24.862892
438,1,Male,Married,0,2.76,5,1,Yes,No,No,0-kids,Male,No,Good,No,Yes,No,33.235065
885,6,Male,Single,0,4.29,18,6,Yes,No,No,0-kids,Male,No,Elite,Yes,No,No,29.987539
123,0,Male,Married,1,2.1199999,10,,No,Yes,No,1-kid,Male,No,Good,No,Yes,No,28.436869
878,6,Male,Married,1,4.6199999,8,6,No,Yes,No,1-kid,Male,No,Elite,Yes,No,No,32.286522
151,0,Male,Single,0,2.1400001,2,,Yes,No,No,0-kids,Male,No,Good,No,Yes,No,29.855024
48,0,Male,Married,0,3.3599999,25,,Yes,No,No,0-kids,Male,No,Strong,No,No,Yes,32.173122
690,2,Male,Single,0,4.6199999,9,2,Yes,No,No,0-kids,Male,No,Elite,Yes,No,No,32.542671
84,0,Male,Married,0,2.21,6,,Yes,No,No,0-kids,Male,No,Good,No,Yes,No,29.749809
466,1,Male,Single,0,3.4000001,2,1,Yes,No,No,0-kids,Male,No,Strong,No,No,Yes,32.058823
11,0,Male,Single,0,2.96,14,,Yes,No,No,0-kids,Male,No,Good,No,Yes,No,27.171898
238,0,Male,Married,2,4.29,24,,No,No,Yes,2-3-kids,Male,No,Elite,Yes,No,No,31.895971
116,0,Male,Married,1,4.54,3,,No,Yes,No,1-kid,Male,No,Elite,Yes,No,No,26.881435
69,0,Male,Married,1,2.2,0,,No,Yes,No,1-kid,Male,No,Good,No,Yes,No,29.0359
245,0,Male,Single,0,4.29,2,,Yes,No,No,0-kids,Male,No,Elite,Yes,No,No,29.068478
662,2,Male,Married,0,2.51,0,2,Yes,No,No,0-kids,Male,No,Good,No,Yes,No,28.585577
91,0,Male,Married,1,4.29,1,,No,Yes,No,1-kid,Male,No,Elite,Yes,No,No,29.880297
272,0,Male,Married,0,3.6900001,3,,Yes,No,No,0-kids,Male,No,Strong,No,No,Yes,29.253294
666,2,Male,Married,0,4.29,13,2,Yes,No,No,0-kids,Male,No,Elite,Yes,No,No,28.699272
282,1,Male,Married,0,2.0999999,0,1,Yes,No,No,0-kids,Male,No,Good,No,Yes,No,26.036043
483,1,Male,Married,0,2.8599999,39,1,Yes,No,No,0-kids,Male,No,Good,No,Yes,No,25.375536
94,0,Male,Married,0,2.21,19,,Yes,No,No,0-kids,Male,No,Good,No,Yes,No,31.739172
601,2,Male,Married,0,2.8299999,1,2,Yes,No,No,0-kids,Male,No,Good,No,Yes,No,31.086819
34,0,Male,Single,0,2.0999999,0,,Yes,No,No,0-kids,Male,No,Good,No,Yes,No,25.793507
275,0,Male,Married,1,3.6900001,8,,No,Yes,No,1-kid,Male,No,Strong,No,No,Yes,24.498505
794,4,Male,Married,1,2.96,0,4,No,Yes,No,1-kid,Male,No,Good,No,Yes,No,35.010281
477,1,Male,Single,0,2.76,4,1,Yes,No,No,0-kids,Male,No,Good,No,Yes,No,31.096262
449,1,Male,Married,0,1.86,5,1,Yes,No,No,0-kids,Male,Yes,Adequate,No,No,No,29.803452
725,3,Male,Married,2,4.29,25,3,No,No,Yes,2-3-kids,Male,No,Elite,Yes,No,No,36.216553
557,2,Male,Single,0,4.29,10,2,Yes,No,No,0-kids,Male,No,Elite,Yes,No,No,27.628796
35,0,Male,Married,1,1.52,0,,No,Yes,No,1-kid,Male,Yes,Adequate,No,No,No,33.019302
386,1,Male,Married,0,3.1900001,3,1,Yes,No,No,0-kids,Male,No,Strong,No,No,Yes,29.777
595,2,Male,Married,1,4.29,14,2,No,Yes,No,1-kid,Male,No,Elite,Yes,No,No,29.554863
58,0,Male,Married,1,3.1500001,1,,No,Yes,No,1-kid,Male,No,Strong,No,No,Yes,28.981977
103,0,Male,Married,2,1.4,7,,No,No,Yes,2-3-kids,Male,Yes,Adequate,No,No,No,28.910036
872,5,Male,Married,1,4.54,53,5,No,Yes,No,1-kid,Male,No,Elite,Yes,No,No,21.606268
106,0,Male,Married,1,3.1500001,2,,No,Yes,No,1-kid,Male,No,Strong,No,No,Yes,33.62677
338,1,Male,Married,1,4.29,1,1,No,Yes,No,1-kid,Male,No,Elite,Yes,No,No,27.928455
117,0,Male,Married,0,1.6799999,4,,Yes,No,No,0-kids,Male,Yes,Adequate,No,No,No,29.78405
747,3,Male,Married,1,4.29,19,3,No,Yes,No,1-kid,Male,No,Elite,Yes,No,No,35.756748
745,3,Male,Married,0,2.26,12,3,Yes,No,No,0-kids,Male,No,Good,No,Yes,No,32.896126
322,1,Male,Married,0,2.96,8,1,Yes,No,No,0-kids,Male,No,Good,No,Yes,No,23.99091
55,0,Male,Married,1,2.26,2,,No,Yes,No,1-kid,Male,No,Good,No,Yes,No,37.209148
585,2,Male,Married,1,1.76,7,2,No,Yes,No,1-kid,Male,Yes,Adequate,No,No,No,34.475334
476,1,Male,Married,1,2.6099999,4,1,No,Yes,No,1-kid,Male,No,Good,No,Yes,No,29.177189
815,4,Male,Married,0,4.29,30,4,Yes,No,No,0-kids,Male,No,Elite,Yes,No,No,30.832012
484,1,Male,Single,0,2,7,1,Yes,No,No,0-kids,Male,No,Good,No,Yes,No,25.579714
677,2,Male,Married,0,4.6199999,8,2,Yes,No,No,0-kids,Male,No,Elite,Yes,No,No,31.011131
216,0,Male,Single,0,4.29,9,,Yes,No,No,0-kids,Male,No,Elite,Yes,No,No,30.341007
334,1,Male,Married,0,4.29,6,1,Yes,No,No,0-kids,Male,No,Elite,Yes,No,No,26.903173
120,0,Male,Married,1,3.47,2,,No,Yes,No,1-kid,Male,No,Strong,No,No,Yes,30.322042
336,1,Male,Married,1,1.22,1,1,No,Yes,No,1-kid,Male,Yes,Adequate,No,No,No,26.013933
835,4,Male,Married,1,4.25,29,4,No,Yes,No,1-kid,Male,No,Elite,Yes,No,No,34.271069
549,2,Male,Married,0,2.0999999,4,2,Yes,No,No,0-kids,Male,No,Good,No,Yes,No,31.893015
623,2,Male,Single,0,4.54,10,2,Yes,No,No,0-kids,Male,No,Elite,Yes,No,No,33.924244
459,1,Male,Married,0,2.55,11,1,Yes,No,No,0-kids,Male,No,Good,No,Yes,No,29.961086
279,1,Male,Married,3,2.0999999,0,1,No,No,Yes,2-3-kids,Male,No,Good,No,Yes,No,25.706528
891,6,Male,Single,0,3.47,6,6,Yes,No,No,0-kids,Male,No,Strong,No,No,Yes,27.126165
590,2,Male,Single,0,4.54,29,2,Yes,No,No,0-kids,Male,No,Elite,Yes,No,No,29.15658
495,1,Male,Married,2,4.29,10,1,No,No,Yes,2-3-kids,Male,No,Elite,Yes,No,No,28.051003
861,5,Male,Married,1,3.5899999,21,5,No,Yes,No,1-kid,Male,No,Strong,No,No,Yes,30.405783
247,0,Male,Married,2,3.5899999,5,,No,No,Yes,2-3-kids,Male,No,Strong,No,No,Yes,30.373447
208,0,Male,Single,0,4.29,0,,Yes,No,No,0-kids,Male,No,Elite,Yes,No,No,29.085917
562,2,Male,Single,0,3.5899999,3,2,Yes,No,No,0-kids,Male,No,Strong,No,No,Yes,31.144268
743,3,Male,Single,0,2.8299999,8,3,Yes,No,No,0-kids,Male,No,Good,No,Yes,No,28.573065
886,6,Male,Single,0,3.4000001,14,6,Yes,No,No,0-kids,Male,No,Strong,No,No,Yes,27.224966
194,0,Male,Married,0,2.1400001,1,,Yes,No,No,0-kids,Male,No,Good,No,Yes,No,30.048689
652,2,Male,Married,0,3.1900001,11,2,Yes,No,No,0-kids,Male,No,Strong,No,No,Yes,31.710672
883,6,Male,Married,2,2.51,11,6,No,No,Yes,2-3-kids,Male,No,Good,No,Yes,No,32.559391
100,0,Male,Married,0,4.29,8,,Yes,No,No,0-kids,Male,No,Elite,Yes,No,No,32.051922
900,7,Male,Single,0,4.6199999,15,7,Yes,No,No,0-kids,Male,No,Elite,Yes,No,No,22.077576
803,4,Male,Married,2,4.54,66,4,No,No,Yes,2-3-kids,Male,No,Elite,Yes,No,No,29.325394
154,0,Male,Married,3,4.54,11,,No,No,Yes,2-3-kids,Male,No,Elite,Yes,No,No,31.646761
234,0,Male,Married,0,2.2,2,,Yes,No,No,0-kids,Male,No,Good,No,Yes,No,33.484619
600,2,Male,Single,0,4.29,25,2,Yes,No,No,0-kids,Male,No,Elite,Yes,No,No,26.403402
721,3,Male,Married,0,4.54,5,3,Yes,No,No,0-kids,Male,No,Elite,Yes,No,No,27.45569
41,0,Male,Single,0,4.29,9,,Yes,No,No,0-kids,Male,No,Elite,Yes,No,No,28.880081
850,4,Male,Single,0,2.8699999,15,4,Yes,No,No,0-kids,Male,No,Good,No,Yes,No,27.280848
136,0,Male,Married,2,4.6199999,30,,No,No,Yes,2-3-kids,Male,No,Elite,Yes,No,No,29.398224
898,7,Male,Married,1,1.97,0,7,No,Yes,No,1-kid,Male,Yes,Adequate,No,No,No,29.17449
287,1,Male,Married,0,2,4,1,Yes,No,No,0-kids,Male,No,Good,No,Yes,No,28.51693
309,1,Male,Single,0,3.4000001,12,1,Yes,No,No,0-kids,Male,No,Strong,No,No,Yes,26.276621
395,1,Male,Married,0,2.3199999,4,1,Yes,No,No,0-kids,Male,No,Good,No,Yes,No,24.636993
147,0,Male,Married,0,2.0999999,0,,Yes,No,No,0-kids,Male,No,Good,No,Yes,No,28.339403
266,0,Male,Married,0,4.29,2,,Yes,No,No,0-kids,Male,No,Elite,Yes,No,No,28.24173
847,4,Male,Married,0,3.6199999,5,4,Yes,No,No,0-kids,Male,No,Strong,No,No,Yes,26.872646
360,1,Male,Married,0,1.8,1,1,Yes,No,No,0-kids,Male,Yes,Adequate,No,No,No,27.676453
203,0,Male,Married,2,3.9200001,2,,No,No,Yes,2-3-kids,Male,No,Strong,No,No,Yes,27.339329
260,0,Male,Single,0,3.5899999,8,,Yes,No,No,0-kids,Male,No,Strong,No,No,Yes,33.523693
777,3,Male,Single,0,3.54,25,3,Yes,No,No,0-kids,Male,No,Strong,No,No,Yes,31.910378
155,0,Male,Single,0,2.96,2,,Yes,No,No,0-kids,Male,No,Good,No,Yes,No,25.322929
199,0,Male,Married,1,3.6900001,16,,No,Yes,No,1-kid,Male,No,Strong,No,No,Yes,29.074011
642,2,Male,Married,0,3.6900001,5,2,Yes,No,No,0-kids,Male,No,Strong,No,No,Yes,28.356783
589,2,Male,Married,1,2.5599999,5,2,No,Yes,No,1-kid,Male,No,Good,No,Yes,No,25.788361
808,4,Male,Married,0,1.8099999,10,4,Yes,No,No,0-kids,Male,Yes,Adequate,No,No,No,29.325405
227,0,Male,Single,0,4.29,0,,Yes,No,No,0-kids,Male,No,Elite,Yes,No,No,31.592775
503,1,Male,Married,1,2.8599999,2,1,No,Yes,No,1-kid,Male,No,Good,No,Yes,No,29.21608
233,0,Male,Single,0,3.47,0,,Yes,No,No,0-kids,Male,No,Strong,No,No,Yes,33.826889
840,4,Male,Married,0,1.76,7,4,Yes,No,No,0-kids,Male,Yes,Adequate,No,No,No,31.916586
904,7,Male,Single,0,4.29,19,7,Yes,No,No,0-kids,Male,No,Elite,Yes,No,No,31.238556
611,2,Male,Married,0,3.54,21,2,Yes,No,No,0-kids,Male,No,Strong,No,No,Yes,31.004442
908,9,Male,Married,1,2.96,23,9,No,Yes,No,1-kid,Male,No,Good,No,Yes,No,30.305199
705,3,Male,Married,1,1.95,14,3,No,Yes,No,1-kid,Male,Yes,Adequate,No,No,No,29.458315
768,3,Male,Married,0,4.6199999,18,3,Yes,No,No,0-kids,Male,No,Elite,Yes,No,No,26.045643
704,3,Male,Married,0,3.0899999,5,3,Yes,No,No,0-kids,Male,No,Strong,No,No,Yes,27.87228
836,4,Male,Married,1,4.29,5,4,No,Yes,No,1-kid,Male,No,Elite,Yes,No,No,32.550453
273,0,Male,Married,2,3.4100001,7,,No,No,Yes,2-3-kids,Male,No,Strong,No,No,Yes,32.287868
293,1,Male,Married,0,2.0999999,2,1,Yes,No,No,0-kids,Male,No,Good,No,Yes,No,25.471117
32,0,Male,Married,0,4.29,8,,Yes,No,No,0-kids,Male,No,Elite,Yes,No,No,31.320555
239,0,Male,Married,1,2.0999999,0,,No,Yes,No,1-kid,Male,No,Good,No,Yes,No,26.286194
175,0,Male,Married,2,2.3199999,2,,No,No,Yes,2-3-kids,Male,No,Good,No,Yes,No,32.832073
645,2,Male,Married,0,4.29,13,2,Yes,No,No,0-kids,Male,No,Elite,Yes,No,No,30.373926
267,0,Male,Married,2,3.4000001,0,,No,No,Yes,2-3-kids,Male,No,Strong,No,No,Yes,30.310148
88,0,Male,Married,2,3.1500001,6,,No,No,Yes,2-3-kids,Male,No,Strong,No,No,Yes,32.994785
30,0,Male,Married,0,2.3199999,3,,Yes,No,No,0-kids,Male,No,Good,No,Yes,No,34.373856
787,4,Male,Single,0,4.29,7,4,Yes,No,No,0-kids,Male,No,Elite,Yes,No,No,28.323729
373,1,Male,Married,2,2.51,3,1,No,No,Yes,2-3-kids,Male,No,Good,No,Yes,No,30.458128
433,1,Male,Married,0,2.3199999,4,1,Yes,No,No,0-kids,Male,No,Good,No,Yes,No,32.003777
774,3,Male,Single,0,1.52,3,3,Yes,No,No,0-kids,Male,Yes,Adequate,No,No,No,30.087004
66,0,Male,Married,1,2.76,3,,No,Yes,No,1-kid,Male,No,Good,No,Yes,No,31.338573
545,2,Male,Married,0,1.95,4,2,Yes,No,No,0-kids,Male,Yes,Adequate,No,No,No,29.352337
382,1,Male,Married,0,3.5899999,10,1,Yes,No,No,0-kids,Male,No,Strong,No,No,Yes,34.192474
274,0,Male,Married,0,2.3199999,0,,Yes,No,No,0-kids,Male,No,Good,No,Yes,No,27.035278
763,3,Male,Married,0,2.6099999,5,3,Yes,No,No,0-kids,Male,No,Good,No,Yes,No,31.98575
262,0,Male,Married,1,4.29,2,,No,Yes,No,1-kid,Male,No,Elite,Yes,No,No,26.103807
109,0,Male,Married,3,2.21,3,,No,No,Yes,2-3-kids,Male,No,Good,No,Yes,No,28.365175
243,0,Male,Married,1,2.5799999,6,,No,Yes,No,1-kid,Male,No,Good,No,Yes,No,26.792444
351,1,Male,Married,1,2.3900001,3,1,No,Yes,No,1-kid,Male,No,Good,No,Yes,No,29.334145
54,0,Male,Married,0,4.29,8,,Yes,No,No,0-kids,Male,No,Elite,Yes,No,No,23.60627
149,0,Male,Married,0,3.3599999,2,,Yes,No,No,0-kids,Male,No,Strong,No,No,Yes,32.305489
756,3,Male,Married,0,2.6099999,0,3,Yes,No,No,0-kids,Male,No,Good,No,Yes,No,26.870825
86,0,Male,Married,2,.92000002,1,,No,No,Yes,2-3-kids,Male,Yes,Adequate,No,No,No,33.891109
795,4,Male,Single,0,3.8499999,47,4,Yes,No,No,0-kids,Male,No,Strong,No,No,Yes,31.686764
331,1,Male,Single,0,4.29,6,1,Yes,No,No,0-kids,Male,No,Elite,Yes,No,No,26.013638
62,0,Male,Married,1,2.0999999,0,,No,Yes,No,1-kid,Male,No,Good,No,Yes,No,24.191607
750,3,Male,Married,0,3.6900001,26,3,Yes,No,No,0-kids,Male,No,Strong,No,No,Yes,30.411922
8,0,Male,Married,2,2.96,4,,No,No,Yes,2-3-kids,Male,No,Good,No,Yes,No,33.475578
71,0,Male,Single,0,2.1199999,2,,Yes,No,No,0-kids,Male,No,Good,No,Yes,No,33.204155
365,1,Male,Married,2,2.0999999,0,1,No,No,Yes,2-3-kids,Male,No,Good,No,Yes,No,35.012333
748,3,Male,Married,0,1.42,3,3,Yes,No,No,0-kids,Male,Yes,Adequate,No,No,No,35.800278
788,4,Male,Married,0,3.54,9,4,Yes,No,No,0-kids,Male,No,Strong,No,No,Yes,25.837873
609,2,Male,Married,1,4.29,12,2,No,Yes,No,1-kid,Male,No,Elite,Yes,No,No,33.743896
587,2,Male,Single,0,4.29,5,2,Yes,No,No,0-kids,Male,No,Elite,Yes,No,No,31.237778
708,3,Male,Single,0,2.8699999,12,3,Yes,No,No,0-kids,Male,No,Good,No,Yes,No,28.111191
709,3,Male,Single,0,4.29,30,3,Yes,No,No,0-kids,Male,No,Elite,Yes,No,No,27.811913
805,4,Male,Married,2,1.86,15,4,No,No,Yes,2-3-kids,Male,Yes,Adequate,No,No,No,26.63546
853,5,Male,Married,2,3.8499999,15,5,No,No,Yes,2-3-kids,Male,No,Strong,No,No,Yes,32.215118
299,1,Male,Single,0,4.29,3,1,Yes,No,No,0-kids,Male,No,Elite,Yes,No,No,30.239054
226,0,Male,Married,2,4.29,15,,No,No,Yes,2-3-kids,Male,No,Elite,Yes,No,No,28.307043
370,1,Male,Single,0,4.25,4,1,Yes,No,No,0-kids,Male,No,Elite,Yes,No,No,37.354313
327,1,Male,Married,2,3.9200001,2,1,No,No,Yes,2-3-kids,Male,No,Strong,No,No,Yes,33.544811
379,1,Male,Married,0,4.6199999,1,1,Yes,No,No,0-kids,Male,No,Elite,Yes,No,No,30.77529
553,2,Male,Married,1,2.5,2,2,No,Yes,No,1-kid,Male,No,Good,No,Yes,No,25.423027
550,2,Male,Married,2,4.29,8,2,No,No,Yes,2-3-kids,Male,No,Elite,Yes,No,No,28.836876
392,1,Male,Married,1,4.54,10,1,No,Yes,No,1-kid,Male,No,Elite,Yes,No,No,27.375551
630,2,Male,Single,0,4.29,17,2,Yes,No,No,0-kids,Male,No,Elite,Yes,No,No,28.931286
79,0,Male,Married,1,2.26,5,,No,Yes,No,1-kid,Male,No,Good,No,Yes,No,26.359108
23,0,Male,Married,1,4.29,5,,No,Yes,No,1-kid,Male,No,Elite,Yes,No,No,33.900501
810,4,Male,Single,0,4.6199999,18,4,Yes,No,No,0-kids,Male,No,Elite,Yes,No,No,31.772652
220,0,Male,Married,1,4.29,13,,No,Yes,No,1-kid,Male,No,Elite,Yes,No,No,29.843939
736,3,Male,Married,0,4.25,20,3,Yes,No,No,0-kids,Male,No,Elite,Yes,No,No,34.101631
493,1,Male,Married,1,4.3400002,4,1,No,Yes,No,1-kid,Male,No,Elite,Yes,No,No,32.863796
735,3,Male,Single,0,3.5899999,7,3,Yes,No,No,0-kids,Male,No,Strong,No,No,Yes,26.745991
911,11,Male,Married,2,2.8599999,7,11,No,No,Yes,2-3-kids,Male,No,Good,No,Yes,No,26.808905
139,0,Male,Married,3,2.8599999,1,,No,No,Yes,2-3-kids,Male,No,Good,No,Yes,No,29.102827
409,1,Male,Married,1,3.4100001,10,1,No,Yes,No,1-kid,Male,No,Strong,No,No,Yes,27.260515
102,0,Male,Married,1,2.0999999,0,,No,Yes,No,1-kid,Male,No,Good,No,Yes,No,30.811407
578,2,Male,Single,0,2.8599999,4,2,Yes,No,No,0-kids,Male,No,Good,No,Yes,No,26.906025
722,3,Male,Single,0,3.5899999,16,3,Yes,No,No,0-kids,Male,No,Strong,No,No,Yes,31.663977
469,1,Male,Single,0,3.3599999,5,1,Yes,No,No,0-kids,Male,No,Strong,No,No,Yes,29.954521
729,3,Male,Single,0,2.3199999,8,3,Yes,No,No,0-kids,Male,No,Good,No,Yes,No,29.564156
857,5,Male,Married,0,4.25,12,5,Yes,No,No,0-kids,Male,No,Elite,Yes,No,No,27.525837
912,12,Male,Married,1,4.29,35,12,No,Yes,No,1-kid,Male,No,Elite,Yes,No,No,26.656513
909,9,Male,Married,1,1.86,47,9,No,Yes,No,1-kid,Male,Yes,Adequate,No,No,No,31.865589
252,0,Male,Single,0,4.29,7,,Yes,No,No,0-kids,Male,No,Elite,Yes,No,No,31.521467
300,1,Male,Single,0,1.8099999,10,1,Yes,No,No,0-kids,Male,Yes,Adequate,No,No,No,32.617741
184,0,Male,Married,1,2.0999999,12,,No,Yes,No,1-kid,Male,No,Good,No,Yes,No,29.139347
214,0,Male,Married,2,4.54,1,,No,No,Yes,2-3-kids,Male,No,Elite,Yes,No,No,25.163986
868,5,Male,Married,0,2.5,4,5,Yes,No,No,0-kids,Male,No,Good,No,Yes,No,28.575268
781,3,Male,Married,3,2.8599999,3,3,No,No,Yes,2-3-kids,Male,No,Good,No,Yes,No,26.3582
270,0,Male,Single,0,1.6799999,5,,Yes,No,No,0-kids,Male,Yes,Adequate,No,No,No,33.225647
858,5,Male,Single,0,3.3599999,11,5,Yes,No,No,0-kids,Male,No,Strong,No,No,Yes,32.993427
512,1,Male,Married,1,3.54,21,1,No,Yes,No,1-kid,Male,No,Strong,No,No,Yes,32.419201
760,3,Male,Married,1,3.6199999,5,3,No,Yes,No,1-kid,Male,No,Strong,No,No,Yes,26.327932
724,3,Male,Married,1,2.96,5,3,No,Yes,No,1-kid,Male,No,Good,No,Yes,No,29.063339
737,3,Male,Married,2,2.8299999,7,3,No,No,Yes,2-3-kids,Male,No,Good,No,Yes,No,27.735714
619,2,Male,Married,0,1.76,0,2,Yes,No,No,0-kids,Male,Yes,Adequate,No,No,No,32.445213
90,0,Male,Married,1,2.51,8,,No,Yes,No,1-kid,Male,No,Good,No,Yes,No,27.78933
786,4,Male,Married,0,4.29,22,4,Yes,No,No,0-kids,Male,No,Elite,Yes,No,No,33.878017
780,3,Male,Married,1,3.0899999,5,3,No,Yes,No,1-kid,Male,No,Strong,No,No,Yes,32.356205
68,0,Male,Married,0,1.6799999,6,,Yes,No,No,0-kids,Male,Yes,Adequate,No,No,No,34.241596
258,0,Male,Married,2,2.8599999,11,,No,No,Yes,2-3-kids,Male,No,Good,No,Yes,No,26.143745
310,1,Male,Married,1,3.9200001,0,1,No,Yes,No,1-kid,Male,No,Strong,No,No,Yes,31.863071
649,2,Male,Single,0,2.26,3,2,Yes,No,No,0-kids,Male,No,Good,No,Yes,No,33.419395
296,1,Male,Married,0,1.78,1,1,Yes,No,No,0-kids,Male,Yes,Adequate,No,No,No,29.668081
346,1,Male,Married,1,2.26,1,1,No,Yes,No,1-kid,Male,No,Good,No,Yes,No,27.971727
269,0,Male,Married,2,2.3199999,5,,No,No,Yes,2-3-kids,Male,No,Good,No,Yes,No,31.366379
46,0,Male,Married,1,1.1799999,0,,No,Yes,No,1-kid,Male,Yes,Adequate,No,No,No,30.320267
523,2,Male,Single,0,3.0899999,14,2,Yes,No,No,0-kids,Male,No,Strong,No,No,Yes,34.301205
728,3,Male,Single,0,3.9200001,0,3,Yes,No,No,0-kids,Male,No,Strong,No,No,Yes,30.668934
875,5,Male,Married,1,1.76,11,5,No,Yes,No,1-kid,Male,Yes,Adequate,No,No,No,26.553026
496,1,Male,Married,0,1.8099999,0,1,Yes,No,No,0-kids,Male,Yes,Adequate,No,No,No,32.42717
1,0,Male,Married,0,2.52,7,,Yes,No,No,0-kids,Male,No,Good,No,Yes,No,27.253433
568,2,Male,Married,2,4.54,2,2,No,No,Yes,2-3-kids,Male,No,Elite,Yes,No,No,29.487501
913,12,Male,Married,1,1.86,5,12,No,Yes,No,1-kid,Male,Yes,Adequate,No,No,No,31.942453
830,4,Male,Single,0,4.29,19,4,Yes,No,No,0-kids,Male,No,Elite,Yes,No,No,31.561131
132,0,Male,Married,1,3.3599999,23,,No,Yes,No,1-kid,Male,No,Strong,No,No,Yes,26.453936
772,3,Male,Single,0,3.54,12,3,Yes,No,No,0-kids,Male,No,Strong,No,No,Yes,27.304506
831,4,Male,Single,0,3.6900001,7,4,Yes,No,No,0-kids,Male,No,Strong,No,No,Yes,31.057394
375,1,Male,Married,1,2,11,1,No,Yes,No,1-kid,Male,No,Good,No,Yes,No,25.222319
209,0,Male,Married,3,2.8599999,7,,No,No,Yes,2-3-kids,Male,No,Good,No,Yes,No,29.461258
733,3,Male,Married,1,1.8,4,3,No,Yes,No,1-kid,Male,Yes,Adequate,No,No,No,32.043503
218,0,Male,Married,0,4.29,6,,Yes,No,No,0-kids,Male,No,Elite,Yes,No,No,29.130533
614,2,Male,Single,0,2.3900001,4,2,Yes,No,No,0-kids,Male,No,Good,No,Yes,No,32.865791
812,4,Male,Married,1,1.86,47,4,No,Yes,No,1-kid,Male,Yes,Adequate,No,No,No,35.481308
437,1,Male,Single,0,3.9200001,2,1,Yes,No,No,0-kids,Male,No,Strong,No,No,Yes,28.443277
451,1,Male,Married,0,4.3400002,10,1,Yes,No,No,0-kids,Male,No,Elite,Yes,No,No,29.121504
182,0,Male,Married,1,2.21,19,,No,Yes,No,1-kid,Male,No,Good,No,Yes,No,34.07988
424,1,Female,Married,1,2.8299999,5,1,No,Yes,No,1-kid,Female,No,Good,No,Yes,No,10.537462
596,2,Female,Married,1,3.6900001,10,2,No,Yes,No,1-kid,Female,No,Strong,No,No,Yes,16.352543
284,1,Female,Single,0,2.1400001,6,1,Yes,No,No,0-kids,Female,No,Good,No,Yes,No,13.85553
712,3,Female,Married,0,2.1199999,3,3,Yes,No,No,0-kids,Female,No,Good,No,Yes,No,10.092793
564,2,Female,Married,0,.92000002,0,2,Yes,No,No,0-kids,Female,Yes,Adequate,No,No,No,11.238603
65,0,Female,Married,0,2.54,1,,Yes,No,No,0-kids,Female,No,Good,No,Yes,No,15.96738
820,4,Female,Married,0,3.1900001,8,4,Yes,No,No,0-kids,Female,No,Strong,No,No,Yes,16.660997
411,1,Female,Single,0,4.25,2,1,Yes,No,No,0-kids,Female,No,Elite,Yes,No,No,17.277903
12,0,Female,Single,0,.755,13,,Yes,No,No,0-kids,Female,Yes,Adequate,No,No,No,14.645168
229,0,Female,Married,0,2,6,,Yes,No,No,0-kids,Female,No,Good,No,Yes,No,17.522234
818,4,Female,Single,0,2.5,10,4,Yes,No,No,0-kids,Female,No,Good,No,Yes,No,18.379097
834,4,Female,Married,0,2.3599999,5,4,Yes,No,No,0-kids,Female,No,Good,No,Yes,No,18.060846
460,1,Female,Married,0,1.1799999,1,1,Yes,No,No,0-kids,Female,Yes,Adequate,No,No,No,12.422394
158,0,Female,Married,0,1.78,1,,Yes,No,No,0-kids,Female,Yes,Adequate,No,No,No,15.713262
539,2,Female,Married,0,3.5899999,0,2,Yes,No,No,0-kids,Female,No,Strong,No,No,Yes,14.618027
637,2,Female,Married,0,4.6199999,23,2,Yes,No,No,0-kids,Female,No,Elite,Yes,No,No,17.15074
161,0,Female,Married,0,2.5799999,3,,Yes,No,No,0-kids,Female,No,Good,No,Yes,No,13.560844
138,0,Female,Single,0,3.5899999,4,,Yes,No,No,0-kids,Female,No,Strong,No,No,Yes,21.500685
852,5,Female,Single,0,3.75,13,5,Yes,No,No,0-kids,Female,No,Strong,No,No,Yes,17.033249
456,1,Female,Single,0,1.63,8,1,Yes,No,No,0-kids,Female,Yes,Adequate,No,No,No,12.657927
474,1,Female,Married,0,1.75,0,1,Yes,No,No,0-kids,Female,Yes,Adequate,No,No,No,13.555624
844,4,Female,Married,0,1.78,4,4,Yes,No,No,0-kids,Female,Yes,Adequate,No,No,No,21.330072
552,2,Female,Single,0,2.05,2,2,Yes,No,No,0-kids,Female,No,Good,No,Yes,No,18.906668
499,1,Female,Single,0,3.1900001,18,1,Yes,No,No,0-kids,Female,No,Strong,No,No,Yes,13.762145
31,0,Female,Single,0,2.3900001,0,,Yes,No,No,0-kids,Female,No,Good,No,Yes,No,15.1249
653,2,Female,Married,1,2,7,2,No,Yes,No,1-kid,Female,No,Good,No,Yes,No,19.940632
385,1,Female,Single,0,4.29,6,1,Yes,No,No,0-kids,Female,No,Elite,Yes,No,No,15.82261
264,0,Female,Single,0,3.1900001,0,,Yes,No,No,0-kids,Female,No,Strong,No,No,Yes,12.228812
212,0,Female,Single,0,3.6199999,8,,Yes,No,No,0-kids,Female,No,Strong,No,No,Yes,10.993171
181,0,Female,Married,1,2.54,0,,No,Yes,No,1-kid,Female,No,Good,No,Yes,No,13.910717
237,0,Female,Single,0,3.3599999,3,,Yes,No,No,0-kids,Female,No,Strong,No,No,Yes,16.075089
118,0,Female,Married,1,2.55,0,,No,Yes,No,1-kid,Female,No,Good,No,Yes,No,17.242825
7,0,Female,Single,0,3.1900001,3,,Yes,No,No,0-kids,Female,No,Strong,No,No,Yes,10.912586
829,4,Female,Single,0,2.3199999,8,4,Yes,No,No,0-kids,Female,No,Good,No,Yes,No,13.060771
257,0,Female,Married,0,2.3900001,2,,Yes,No,No,0-kids,Female,No,Good,No,Yes,No,16.27663
672,2,Female,Married,1,4.29,4,2,No,Yes,No,1-kid,Female,No,Elite,Yes,No,No,18.239891
124,0,Female,Single,0,2.0999999,1,,Yes,No,No,0-kids,Female,No,Good,No,Yes,No,19.583479
670,2,Female,Married,0,3.5899999,11,2,Yes,No,No,0-kids,Female,No,Strong,No,No,Yes,13.127772
599,2,Female,Single,0,4.54,5,2,Yes,No,No,0-kids,Female,No,Elite,Yes,No,No,14.705285
667,2,Female,Married,0,2.96,8,2,Yes,No,No,0-kids,Female,No,Good,No,Yes,No,12.398805
487,1,Female,Single,0,4.29,17,1,Yes,No,No,0-kids,Female,No,Elite,Yes,No,No,13.219109
200,0,Female,Married,2,1.255,0,,No,No,Yes,2-3-kids,Female,Yes,Adequate,No,No,No,16.831339
880,6,Female,Married,2,1.86,38,6,No,No,Yes,2-3-kids,Female,Yes,Adequate,No,No,No,15.910768
572,2,Female,Married,0,3.1900001,5,2,Yes,No,No,0-kids,Female,No,Strong,No,No,Yes,16.636215
641,2,Female,Single,0,3.3599999,7,2,Yes,No,No,0-kids,Female,No,Strong,No,No,Yes,15.124887
687,2,Female,Single,0,3.1900001,10,2,Yes,No,No,0-kids,Female,No,Strong,No,No,Yes,17.974325
285,1,Female,Single,0,4.29,22,1,Yes,No,No,0-kids,Female,No,Elite,Yes,No,No,17.250319
485,1,Female,Married,0,1.76,8,1,Yes,No,No,0-kids,Female,Yes,Adequate,No,No,No,15.978401
691,2,Female,Married,0,1.45,7,2,Yes,No,No,0-kids,Female,Yes,Adequate,No,No,No,14.27011
692,2,Female,Married,1,3.3399999,4,2,No,Yes,No,1-kid,Female,No,Strong,No,No,Yes,14.376703
471,1,Female,Married,0,3.5899999,32,1,Yes,No,No,0-kids,Female,No,Strong,No,No,Yes,7.4045138
605,2,Female,Single,0,2.8599999,3,2,Yes,No,No,0-kids,Female,No,Good,No,Yes,No,22.480423
219,0,Female,Married,0,4.6199999,5,,Yes,No,No,0-kids,Female,No,Elite,Yes,No,No,15.239098
534,2,Female,Single,0,2.5799999,5,2,Yes,No,No,0-kids,Female,No,Good,No,Yes,No,15.83462
870,5,Female,Married,0,2.8599999,24,5,Yes,No,No,0-kids,Female,No,Good,No,Yes,No,15.401619
695,2,Female,Single,0,3.6900001,7,2,Yes,No,No,0-kids,Female,No,Strong,No,No,Yes,20.160868
461,1,Female,Married,2,3.0899999,9,1,No,No,Yes,2-3-kids,Female,No,Strong,No,No,Yes,12.841516
225,0,Female,Married,0,3.47,2,,Yes,No,No,0-kids,Female,No,Strong,No,No,Yes,20.368387
99,0,Female,Married,2,3.75,4,,No,No,Yes,2-3-kids,Female,No,Strong,No,No,Yes,12.586061
720,3,Female,Single,0,4.29,10,3,Yes,No,No,0-kids,Female,No,Elite,Yes,No,No,18.013588
15,0,Female,Married,0,1.79,0,,Yes,No,No,0-kids,Female,Yes,Adequate,No,No,No,9.448637
785,4,Female,Married,0,4.54,16,4,Yes,No,No,0-kids,Female,No,Elite,Yes,No,No,19.580866
73,0,Female,Married,0,1.79,1,,Yes,No,No,0-kids,Female,Yes,Adequate,No,No,No,16.430229
191,0,Female,Single,0,1.79,0,,Yes,No,No,0-kids,Female,Yes,Adequate,No,No,No,17.313555
887,6,Female,Single,0,4.54,12,6,Yes,No,No,0-kids,Female,No,Elite,Yes,No,No,18.533648
391,1,Female,Married,0,4.54,13,1,Yes,No,No,0-kids,Female,No,Elite,Yes,No,No,10.45516
711,3,Female,Married,1,2.3199999,5,3,No,Yes,No,1-kid,Female,No,Good,No,Yes,No,10.159749
738,3,Female,Single,0,2.52,4,3,Yes,No,No,0-kids,Female,No,Good,No,Yes,No,15.96278
833,4,Female,Single,0,4.6199999,3,4,Yes,No,No,0-kids,Female,No,Elite,Yes,No,No,15.537779
472,1,Female,Single,0,3.8499999,18,1,Yes,No,No,0-kids,Female,No,Strong,No,No,Yes,15.644517
684,2,Female,Married,0,1.48,9,2,Yes,No,No,0-kids,Female,Yes,Adequate,No,No,No,14.874966
401,1,Female,Single,0,4.54,37,1,Yes,No,No,0-kids,Female,No,Elite,Yes,No,No,14.72243
542,2,Female,Single,0,3.21,0,2,Yes,No,No,0-kids,Female,No,Strong,No,No,Yes,19.370182
242,0,Female,Single,0,2.8299999,1,,Yes,No,No,0-kids,Female,No,Good,No,Yes,No,14.587105
349,1,Female,Single,0,1.4,2,1,Yes,No,No,0-kids,Female,Yes,Adequate,No,No,No,16.319603
591,2,Female,Married,0,1.86,5,2,Yes,No,No,0-kids,Female,Yes,Adequate,No,No,No,12.911766
508,1,Female,Single,0,3.3599999,34,1,Yes,No,No,0-kids,Female,No,Strong,No,No,Yes,15.550672
492,1,Female,Single,0,1.655,0,1,Yes,No,No,0-kids,Female,Yes,Adequate,No,No,No,17.97876
223,0,Female,Married,0,2.96,8,,Yes,No,No,0-kids,Female,No,Good,No,Yes,No,19.069937
892,6,Female,Married,0,4.29,1,6,Yes,No,No,0-kids,Female,No,Elite,Yes,No,No,16.664469
819,4,Female,Married,1,3.54,12,4,No,Yes,No,1-kid,Female,No,Strong,No,No,Yes,8.4945993
718,3,Female,Single,0,2.3900001,11,3,Yes,No,No,0-kids,Female,No,Good,No,Yes,No,21.673681
357,1,Female,Single,0,1.4,3,1,Yes,No,No,0-kids,Female,Yes,Adequate,No,No,No,19.989183
770,3,Female,Single,0,3.3599999,2,3,Yes,No,No,0-kids,Female,No,Strong,No,No,Yes,16.691717
731,3,Female,Married,0,3.75,6,3,Yes,No,No,0-kids,Female,No,Strong,No,No,Yes,12.952778
782,3,Female,Single,0,4.29,5,3,Yes,No,No,0-kids,Female,No,Elite,Yes,No,No,15.100089
50,0,Female,Married,0,3.9200001,8,,Yes,No,No,0-kids,Female,No,Strong,No,No,Yes,11.719896
253,0,Female,Single,0,3.6900001,4,,Yes,No,No,0-kids,Female,No,Strong,No,No,Yes,14.102242
2,0,Female,Single,0,2.05,6,,Yes,No,No,0-kids,Female,No,Good,No,Yes,No,21.521992
452,1,Female,Single,0,3.3599999,4,1,Yes,No,No,0-kids,Female,No,Strong,No,No,Yes,11.872373
651,2,Female,Single,0,4.29,4,2,Yes,No,No,0-kids,Female,No,Elite,Yes,No,No,10.719515
740,3,Female,Married,0,3.3599999,11,3,Yes,No,No,0-kids,Female,No,Strong,No,No,Yes,16.869482
741,3,Female,Married,0,4.29,21,3,Yes,No,No,0-kids,Female,No,Elite,Yes,No,No,21.364077
431,1,Female,Married,0,2.3900001,7,1,Yes,No,No,0-kids,Female,No,Good,No,Yes,No,16.379562
823,4,Female,Married,0,2.5799999,14,4,Yes,No,No,0-kids,Female,No,Good,No,Yes,No,13.749172
389,1,Female,Single,0,2.5799999,2,1,Yes,No,No,0-kids,Female,No,Good,No,Yes,No,20.988844
6,0,Female,Married,2,3.5899999,2,,No,No,Yes,2-3-kids,Female,No,Strong,No,No,Yes,10.145215
633,2,Female,Single,0,3.47,5,2,Yes,No,No,0-kids,Female,No,Strong,No,No,Yes,17.564356
450,1,Female,Single,0,3.9200001,4,1,Yes,No,No,0-kids,Female,No,Strong,No,No,Yes,16.052023
638,2,Female,Single,0,3.0899999,6,2,Yes,No,No,0-kids,Female,No,Strong,No,No,Yes,15.752765
134,0,Female,Married,1,4.29,4,,No,Yes,No,1-kid,Female,No,Elite,Yes,No,No,12.250314
536,2,Female,Single,0,4.6199999,12,2,Yes,No,No,0-kids,Female,No,Elite,Yes,No,No,16.937572
5,0,Female,Single,0,3.75,26,,Yes,No,No,0-kids,Female,No,Strong,No,No,Yes,16.206188
14,0,Female,Married,0,3.4000001,4,,Yes,No,No,0-kids,Female,No,Strong,No,No,Yes,9.5864468
679,2,Female,Married,0,3.75,8,2,Yes,No,No,0-kids,Female,No,Strong,No,No,Yes,19.26409
317,1,Female,Married,0,1.64,22,1,Yes,No,No,0-kids,Female,Yes,Adequate,No,No,No,13.356833
144,0,Female,Married,1,3.3599999,3,,No,Yes,No,1-kid,Female,No,Strong,No,No,Yes,21.758707
890,6,Female,Single,0,4.54,15,6,Yes,No,No,0-kids,Female,No,Elite,Yes,No,No,16.693811
127,0,Female,Married,1,4.29,9,,No,Yes,No,1-kid,Female,No,Elite,Yes,No,No,13.201349
415,1,Female,Single,0,2.52,0,1,Yes,No,No,0-kids,Female,No,Good,No,Yes,No,14.392079
764,3,Female,Married,1,3.3599999,3,3,No,Yes,No,1-kid,Female,No,Strong,No,No,Yes,11.929242
576,2,Female,Married,0,2.5799999,5,2,Yes,No,No,0-kids,Female,No,Good,No,Yes,No,15.735909
241,0,Female,Single,0,4.29,0,,Yes,No,No,0-kids,Female,No,Elite,Yes,No,No,9.3562593
333,1,Female,Married,0,2.8699999,18,1,Yes,No,No,0-kids,Female,No,Good,No,Yes,No,16.118853
141,0,Female,Married,1,2.5,0,,No,Yes,No,1-kid,Female,No,Good,No,Yes,No,18.470203
752,3,Female,Married,1,1.86,1,3,No,Yes,No,1-kid,Female,Yes,Adequate,No,No,No,12.423452
824,4,Female,Married,0,1.28,4,4,Yes,No,No,0-kids,Female,Yes,Adequate,No,No,No,14.061839
193,0,Female,Single,0,2.5,0,,Yes,No,No,0-kids,Female,No,Good,No,Yes,No,16.065432
839,4,Female,Single,0,2.5599999,23,4,Yes,No,No,0-kids,Female,No,Good,No,Yes,No,12.064737
797,4,Female,Married,0,3.4000001,5,4,Yes,No,No,0-kids,Female,No,Strong,No,No,Yes,16.28562
877,5,Female,Single,0,3.6199999,3,5,Yes,No,No,0-kids,Female,No,Strong,No,No,Yes,17.922045
3,0,Female,Single,0,3.75,6,,Yes,No,No,0-kids,Female,No,Strong,No,No,Yes,17.187496
224,0,Female,Married,0,3.6900001,3,,Yes,No,No,0-kids,Female,No,Strong,No,No,Yes,18.583651
828,4,Female,Single,0,3.1500001,8,4,Yes,No,No,0-kids,Female,No,Strong,No,No,Yes,15.753005
674,2,Female,Married,1,4.29,11,2,No,Yes,No,1-kid,Female,No,Elite,Yes,No,No,22.072758
236,0,Female,Single,0,1.4,14,,Yes,No,No,0-kids,Female,Yes,Adequate,No,No,No,15.517703
344,1,Female,Married,0,1.28,2,1,Yes,No,No,0-kids,Female,Yes,Adequate,No,No,No,13.035545
783,3,Female,Married,1,1.22,3,3,No,Yes,No,1-kid,Female,Yes,Adequate,No,No,No,17.140366
255,0,Female,Single,0,4.29,3,,Yes,No,No,0-kids,Female,No,Elite,Yes,No,No,16.870668
664,2,Female,Married,1,3.4000001,4,2,No,Yes,No,1-kid,Female,No,Strong,No,No,Yes,16.364166
302,1,Female,Married,0,2.6099999,7,1,Yes,No,No,0-kids,Female,No,Good,No,Yes,No,17.710209
384,1,Female,Single,0,3.5899999,8,1,Yes,No,No,0-kids,Female,No,Strong,No,No,Yes,9.2794247
867,5,Female,Married,1,3.8499999,1,5,No,Yes,No,1-kid,Female,No,Strong,No,No,Yes,14.64108
42,0,Female,Married,1,2.8599999,3,,No,Yes,No,1-kid,Female,No,Good,No,Yes,No,16.344631
358,1,Female,Married,0,2.1199999,0,1,Yes,No,No,0-kids,Female,No,Good,No,Yes,No,16.503845
72,0,Female,Married,2,2.5799999,0,,No,No,Yes,2-3-kids,Female,No,Good,No,Yes,No,13.63297
140,0,Female,Single,0,1.505,3,,Yes,No,No,0-kids,Female,Yes,Adequate,No,No,No,16.523188
613,2,Female,Married,0,2.1199999,2,2,Yes,No,No,0-kids,Female,No,Good,No,Yes,No,14.72131
101,0,Female,Single,0,3.75,5,,Yes,No,No,0-kids,Female,No,Strong,No,No,Yes,17.471592
350,1,Female,Single,0,.92000002,4,1,Yes,No,No,0-kids,Female,Yes,Adequate,No,No,No,13.686392
527,2,Female,Married,0,3.0899999,2,2,Yes,No,No,0-kids,Female,No,Strong,No,No,Yes,15.961623
304,1,Female,Married,0,3.1900001,3,1,Yes,No,No,0-kids,Female,No,Strong,No,No,Yes,15.120289
681,2,Female,Married,0,3.4100001,31,2,Yes,No,No,0-kids,Female,No,Strong,No,No,Yes,17.112009
851,5,Female,Married,0,2.26,16,5,Yes,No,No,0-kids,Female,No,Good,No,Yes,No,14.835843
52,0,Female,Married,2,1.97,0,,No,No,Yes,2-3-kids,Female,Yes,Adequate,No,No,No,16.333609
790,4,Female,Single,0,1.4,3,4,Yes,No,No,0-kids,Female,Yes,Adequate,No,No,No,17.24501
697,2,Female,Married,1,4.54,7,2,No,Yes,No,1-kid,Female,No,Elite,Yes,No,No,12.94183
592,2,Female,Single,0,4.29,1,2,Yes,No,No,0-kids,Female,No,Elite,Yes,No,No,10.791258
791,4,Female,Married,0,4.3400002,6,4,Yes,No,No,0-kids,Female,No,Elite,Yes,No,No,13.998887
410,1,Female,Married,1,2.26,9,1,No,Yes,No,1-kid,Female,No,Good,No,Yes,No,18.23908
581,2,Female,Single,0,3.3599999,4,2,Yes,No,No,0-kids,Female,No,Strong,No,No,Yes,17.784012
205,0,Female,Married,0,2.1199999,2,,Yes,No,No,0-kids,Female,No,Good,No,Yes,No,19.896252
178,0,Female,Single,0,4.29,5,,Yes,No,No,0-kids,Female,No,Elite,Yes,No,No,13.916316
457,1,Female,Single,0,4.6199999,10,1,Yes,No,No,0-kids,Female,No,Elite,Yes,No,No,13.461024
573,2,Female,Married,1,3.6900001,15,2,No,Yes,No,1-kid,Female,No,Strong,No,No,Yes,19.009626
879,6,Female,Married,0,2.0999999,36,6,Yes,No,No,0-kids,Female,No,Good,No,Yes,No,15.120019
571,2,Female,Married,0,3.3599999,8,2,Yes,No,No,0-kids,Female,No,Strong,No,No,Yes,16.748474
569,2,Female,Married,2,3.8499999,47,2,No,No,Yes,2-3-kids,Female,No,Strong,No,No,Yes,18.003235
142,0,Female,Married,0,4.6199999,0,,Yes,No,No,0-kids,Female,No,Elite,Yes,No,No,8.6011257
565,2,Female,Single,0,4.29,15,2,Yes,No,No,0-kids,Female,No,Elite,Yes,No,No,16.503092
231,0,Female,Married,1,2,9,,No,Yes,No,1-kid,Female,No,Good,No,Yes,No,13.249778
57,0,Female,Single,0,3.21,2,,Yes,No,No,0-kids,Female,No,Strong,No,No,Yes,9.2639103
559,2,Female,Married,0,3.5899999,5,2,Yes,No,No,0-kids,Female,No,Strong,No,No,Yes,16.004532
256,0,Female,Single,0,4.1399999,2,,Yes,No,No,0-kids,Female,No,Elite,Yes,No,No,12.82409
320,1,Female,Married,0,4.29,6,1,Yes,No,No,0-kids,Female,No,Elite,Yes,No,No,21.166187
555,2,Female,Married,0,1.8,10,2,Yes,No,No,0-kids,Female,Yes,Adequate,No,No,No,14.649602
179,0,Female,Married,2,4.54,6,,No,No,Yes,2-3-kids,Female,No,Elite,Yes,No,No,18.220987
280,1,Female,Married,1,3.0899999,12,1,No,Yes,No,1-kid,Female,No,Strong,No,No,Yes,14.343208
204,0,Female,Single,0,2.96,4,,Yes,No,No,0-kids,Female,No,Good,No,Yes,No,18.655491
416,1,Female,Single,0,2.26,4,1,Yes,No,No,0-kids,Female,No,Good,No,Yes,No,8.4749947
29,0,Female,Single,0,3.0899999,0,,Yes,No,No,0-kids,Female,No,Strong,No,No,Yes,10.849409
44,0,Female,Married,1,3.3599999,3,,No,Yes,No,1-kid,Female,No,Strong,No,No,Yes,16.653072
107,0,Female,Married,0,3.75,7,,Yes,No,No,0-kids,Female,No,Strong,No,No,Yes,15.164503
838,4,Female,Single,0,3.1900001,3,4,Yes,No,No,0-kids,Female,No,Strong,No,No,Yes,17.342955
540,2,Female,Single,0,4.29,5,2,Yes,No,No,0-kids,Female,No,Elite,Yes,No,No,15.014809
122,0,Female,Single,0,3.3599999,9,,Yes,No,No,0-kids,Female,No,Strong,No,No,Yes,14.636487
811,4,Female,Married,0,2.26,3,4,Yes,No,No,0-kids,Female,No,Good,No,Yes,No,17.093657
593,2,Female,Married,0,3.9200001,7,2,Yes,No,No,0-kids,Female,No,Strong,No,No,Yes,16.291904
530,2,Female,Single,0,2.26,3,2,Yes,No,No,0-kids,Female,No,Good,No,Yes,No,11.667279
528,2,Female,Single,0,3.6900001,4,2,Yes,No,No,0-kids,Female,No,Strong,No,No,Yes,14.868748
639,2,Female,Single,0,2.3199999,4,2,Yes,No,No,0-kids,Female,No,Good,No,Yes,No,13.609612
526,2,Female,Single,0,1.63,6,2,Yes,No,No,0-kids,Female,Yes,Adequate,No,No,No,13.317263
678,2,Female,Married,2,4.54,48,2,No,No,Yes,2-3-kids,Female,No,Elite,Yes,No,No,11.40688
521,1,Female,Married,0,1.8099999,11,1,Yes,No,No,0-kids,Female,Yes,Adequate,No,No,No,12.851964
490,1,Female,Married,0,3.6900001,1,1,Yes,No,No,0-kids,Female,No,Strong,No,No,Yes,16.27182
80,0,Female,Single,0,3.21,5,,Yes,No,No,0-kids,Female,No,Strong,No,No,Yes,15.647137
689,2,Female,Married,2,3.21,2,2,No,No,Yes,2-3-kids,Female,No,Strong,No,No,Yes,14.639505
765,3,Female,Married,0,3.6900001,12,3,Yes,No,No,0-kids,Female,No,Strong,No,No,Yes,18.213856
700,3,Female,Single,0,4.29,12,3,Yes,No,No,0-kids,Female,No,Elite,Yes,No,No,15.355235
739,3,Female,Married,0,1.1799999,0,3,Yes,No,No,0-kids,Female,Yes,Adequate,No,No,No,14.325702
137,0,Female,Married,1,3.5899999,14,,No,Yes,No,1-kid,Female,No,Strong,No,No,Yes,18.550621
166,0,Female,Single,0,3.54,5,,Yes,No,No,0-kids,Female,No,Strong,No,No,Yes,16.145832
874,5,Female,Married,0,3.21,19,5,Yes,No,No,0-kids,Female,No,Strong,No,No,Yes,12.264235
556,2,Female,Single,0,3.0899999,0,2,Yes,No,No,0-kids,Female,No,Strong,No,No,Yes,21.519791
192,0,Female,Married,1,4.29,6,,No,Yes,No,1-kid,Female,No,Elite,Yes,No,No,14.824216
308,1,Female,Single,0,2.26,4,1,Yes,No,No,0-kids,Female,No,Good,No,Yes,No,15.800607
603,2,Female,Single,0,3.3599999,3,2,Yes,No,No,0-kids,Female,No,Strong,No,No,Yes,13.663765
554,2,Female,Married,1,4.6199999,17,2,No,Yes,No,1-kid,Female,No,Elite,Yes,No,No,15.493492
421,1,Female,Married,0,4.6199999,18,1,Yes,No,No,0-kids,Female,No,Elite,Yes,No,No,12.582953
686,2,Female,Married,0,4.29,6,2,Yes,No,No,0-kids,Female,No,Elite,Yes,No,No,9.6568184
800,4,Female,Married,0,3.54,5,4,Yes,No,No,0-kids,Female,No,Strong,No,No,Yes,12.65036
342,1,Female,Single,0,3.1900001,6,1,Yes,No,No,0-kids,Female,No,Strong,No,No,Yes,15.783031
792,4,Female,Married,1,2.51,2,4,No,Yes,No,1-kid,Female,No,Good,No,Yes,No,13.054239
228,0,Female,Single,0,3.9200001,1,,Yes,No,No,0-kids,Female,No,Strong,No,No,Yes,19.348776
295,1,Female,Married,0,3.47,3,1,Yes,No,No,0-kids,Female,No,Strong,No,No,Yes,14.892796
475,1,Female,Married,0,3.47,3,1,Yes,No,No,0-kids,Female,No,Strong,No,No,Yes,14.130864
563,2,Female,Single,0,4.54,12,2,Yes,No,No,0-kids,Female,No,Elite,Yes,No,No,10.242153
910,10,Female,Married,0,3.5899999,18,10,Yes,No,No,0-kids,Female,No,Strong,No,No,Yes,16.390245
749,3,Female,Married,2,1.89,16,3,No,No,Yes,2-3-kids,Female,Yes,Adequate,No,No,No,15.316878
753,3,Female,Married,0,2.26,6,3,Yes,No,No,0-kids,Female,No,Good,No,Yes,No,19.287563
659,2,Female,Single,0,2.8299999,26,2,Yes,No,No,0-kids,Female,No,Good,No,Yes,No,9.3457613
865,5,Female,Single,0,2.8699999,12,5,Yes,No,No,0-kids,Female,No,Good,No,Yes,No,17.516426
509,1,Female,Married,0,2.8699999,15,1,Yes,No,No,0-kids,Female,No,Good,No,Yes,No,18.312986
538,2,Female,Single,0,4.54,13,2,Yes,No,No,0-kids,Female,No,Elite,Yes,No,No,16.120367
434,1,Female,Single,0,4.29,25,1,Yes,No,No,0-kids,Female,No,Elite,Yes,No,No,13.301838
125,0,Female,Single,0,4.29,1,,Yes,No,No,0-kids,Female,No,Elite,Yes,No,No,8.7036915
813,4,Female,Married,1,4.29,4,4,No,Yes,No,1-kid,Female,No,Elite,Yes,No,No,10.624974
616,2,Female,Single,0,1.97,8,2,Yes,No,No,0-kids,Female,Yes,Adequate,No,No,No,12.48686
340,1,Female,Single,0,2,6,1,Yes,No,No,0-kids,Female,No,Good,No,Yes,No,13.378538
171,0,Female,Married,0,3.6900001,2,,Yes,No,No,0-kids,Female,No,Strong,No,No,Yes,12.801646
647,2,Female,Single,0,2.26,8,2,Yes,No,No,0-kids,Female,No,Good,No,Yes,No,20.365286
447,1,Female,Married,0,2.25,3,1,Yes,No,No,0-kids,Female,No,Good,No,Yes,No,15.127972
685,2,Female,Married,0,2.8299999,3,2,Yes,No,No,0-kids,Female,No,Good,No,Yes,No,14.967704
632,2,Female,Married,1,3.47,4,2,No,Yes,No,1-kid,Female,No,Strong,No,No,Yes,17.210161
64,0,Female,Married,0,3.54,2,,Yes,No,No,0-kids,Female,No,Strong,No,No,Yes,17.611498
26,0,Female,Married,0,1.52,3,,Yes,No,No,0-kids,Female,Yes,Adequate,No,No,No,12.145439
463,1,Female,Married,0,2.3199999,1,1,Yes,No,No,0-kids,Female,No,Good,No,Yes,No,11.702844
543,2,Female,Married,1,3.47,11,2,No,Yes,No,1-kid,Female,No,Strong,No,No,Yes,18.637512
417,1,Female,Single,0,4.54,9,1,Yes,No,No,0-kids,Female,No,Elite,Yes,No,No,13.461967
454,1,Female,Single,0,3.75,21,1,Yes,No,No,0-kids,Female,No,Strong,No,No,Yes,15.212085
516,1,Female,Single,0,2.76,2,1,Yes,No,No,0-kids,Female,No,Good,No,Yes,No,15.189073
826,4,Female,Single,0,2.8699999,6,4,Yes,No,No,0-kids,Female,No,Good,No,Yes,No,16.226662
374,1,Female,Single,0,1.4,12,1,Yes,No,No,0-kids,Female,Yes,Adequate,No,No,No,15.135284
529,2,Female,Single,0,2.1199999,2,2,Yes,No,No,0-kids,Female,No,Good,No,Yes,No,17.884968
624,2,Female,Married,0,1.4,0,2,Yes,No,No,0-kids,Female,Yes,Adequate,No,No,No,14.260455
254,0,Female,Married,0,2.8599999,13,,Yes,No,No,0-kids,Female,No,Good,No,Yes,No,16.406771
323,1,Female,Single,0,2.25,4,1,Yes,No,No,0-kids,Female,No,Good,No,Yes,No,18.885166
665,2,Female,Married,1,3.0899999,3,2,No,Yes,No,1-kid,Female,No,Strong,No,No,Yes,14.405904
388,1,Female,Married,0,2.96,19,1,Yes,No,No,0-kids,Female,No,Good,No,Yes,No,14.411114
845,4,Female,Single,0,3.75,3,4,Yes,No,No,0-kids,Female,No,Strong,No,No,Yes,13.334584
33,0,Female,Single,0,1.505,13,,Yes,No,No,0-kids,Female,Yes,Adequate,No,No,No,20.83334
387,1,Female,Married,0,3.5899999,1,1,Yes,No,No,0-kids,Female,No,Strong,No,No,Yes,14.459625
515,1,Female,Single,0,3.1900001,3,1,Yes,No,No,0-kids,Female,No,Strong,No,No,Yes,13.767188
332,1,Female,Single,0,2,6,1,Yes,No,No,0-kids,Female,No,Good,No,Yes,No,15.516214
335,1,Female,Married,0,3.1900001,2,1,Yes,No,No,0-kids,Female,No,Strong,No,No,Yes,14.069845
621,2,Female,Married,0,2.52,16,2,Yes,No,No,0-kids,Female,No,Good,No,Yes,No,14.121536
407,1,Female,Married,2,2.5799999,2,1,No,No,Yes,2-3-kids,Female,No,Good,No,Yes,No,12.255505
500,1,Female,Married,1,2.3199999,5,1,No,Yes,No,1-kid,Female,No,Good,No,Yes,No,11.707486
167,0,Female,Single,0,2.8599999,16,,Yes,No,No,0-kids,Female,No,Good,No,Yes,No,16.263216
133,0,Female,Married,0,4.54,4,,Yes,No,No,0-kids,Female,No,Elite,Yes,No,No,16.805387
524,2,Female,Single,0,3.75,8,2,Yes,No,No,0-kids,Female,No,Strong,No,No,Yes,17.17071
363,1,Female,Married,0,4.6199999,16,1,Yes,No,No,0-kids,Female,No,Elite,Yes,No,No,10.734005
479,1,Female,Single,0,1.4,3,1,Yes,No,No,0-kids,Female,Yes,Adequate,No,No,No,16.941566
359,1,Female,Married,1,2.6099999,6,1,No,Yes,No,1-kid,Female,No,Good,No,Yes,No,17.850384
817,4,Female,Married,0,4.25,13,4,Yes,No,No,0-kids,Female,No,Elite,Yes,No,No,20.443651
489,1,Female,Married,1,3.54,14,1,No,Yes,No,1-kid,Female,No,Strong,No,No,Yes,11.700433
866,5,Female,Married,0,4.54,15,5,Yes,No,No,0-kids,Female,No,Elite,Yes,No,No,10.947196
719,3,Female,Married,1,4.6199999,14,3,No,Yes,No,1-kid,Female,No,Elite,Yes,No,No,15.591232
176,0,Female,Single,0,3.6900001,2,,Yes,No,No,0-kids,Female,No,Strong,No,No,Yes,14.404702
347,1,Female,Married,0,3.5899999,5,1,Yes,No,No,0-kids,Female,No,Strong,No,No,Yes,11.228354
163,0,Female,Married,1,1.22,11,,No,Yes,No,1-kid,Female,Yes,Adequate,No,No,No,16.370089
696,2,Female,Single,0,2.5799999,2,2,Yes,No,No,0-kids,Female,No,Good,No,Yes,No,17.382996
168,0,Female,Married,0,1.86,6,,Yes,No,No,0-kids,Female,Yes,Adequate,No,No,No,16.902517
443,1,Female,Married,1,2.3900001,9,1,No,Yes,No,1-kid,Female,No,Good,No,Yes,No,15.098763
398,1,Female,Married,0,1.25,5,1,Yes,No,No,0-kids,Female,Yes,Adequate,No,No,No,10.561217
656,2,Female,Married,0,4.3400002,11,2,Yes,No,No,0-kids,Female,No,Elite,Yes,No,No,12.868033
172,0,Female,Married,0,4.29,1,,Yes,No,No,0-kids,Female,No,Elite,Yes,No,No,12.855932
617,2,Female,Married,0,4.54,9,2,Yes,No,No,0-kids,Female,No,Elite,Yes,No,No,12.689411
283,1,Female,Married,1,3.75,7,1,No,Yes,No,1-kid,Female,No,Strong,No,No,Yes,15.348583
329,1,Female,Married,0,3.4000001,14,1,Yes,No,No,0-kids,Female,No,Strong,No,No,Yes,18.107466
27,0,Female,Married,1,3.54,8,,No,Yes,No,1-kid,Female,No,Strong,No,No,Yes,11.40263
497,1,Female,Single,0,3.4000001,7,1,Yes,No,No,0-kids,Female,No,Strong,No,No,Yes,15.571437
82,0,Female,Married,1,3.54,1,,No,Yes,No,1-kid,Female,No,Strong,No,No,Yes,19.811464
762,3,Female,Married,0,4.6199999,10,3,Yes,No,No,0-kids,Female,No,Elite,Yes,No,No,16.249693
314,1,Female,Married,1,3.3199999,24,1,No,Yes,No,1-kid,Female,No,Strong,No,No,Yes,17.379595
650,2,Female,Married,0,3.75,4,2,Yes,No,No,0-kids,Female,No,Strong,No,No,Yes,11.184423
742,3,Female,Married,1,4.6199999,49,3,No,Yes,No,1-kid,Female,No,Elite,Yes,No,No,15.020808
688,2,Female,Single,0,1.4,0,2,Yes,No,No,0-kids,Female,Yes,Adequate,No,No,No,16.387634
10,0,Female,Married,0,1.25,0,,Yes,No,No,0-kids,Female,Yes,Adequate,No,No,No,11.142354
13,0,Female,Married,1,3.6900001,3,,No,Yes,No,1-kid,Female,No,Strong,No,No,Yes,12.948171
418,1,Female,Married,2,2.8599999,7,1,No,No,Yes,2-3-kids,Female,No,Good,No,Yes,No,13.484235
584,2,Female,Single,0,4.6199999,14,2,Yes,No,No,0-kids,Female,No,Elite,Yes,No,No,15.583782
608,2,Female,Married,0,3.75,0,2,Yes,No,No,0-kids,Female,No,Strong,No,No,Yes,15.591614
837,4,Female,Married,0,3.1900001,7,4,Yes,No,No,0-kids,Female,No,Strong,No,No,Yes,16.254389
286,1,Female,Single,0,2,2,1,Yes,No,No,0-kids,Female,No,Good,No,Yes,No,13.817979
190,0,Female,Married,0,1.83,2,,Yes,No,No,0-kids,Female,Yes,Adequate,No,No,No,15.897795
281,1,Female,Single,0,3.3599999,6,1,Yes,No,No,0-kids,Female,No,Strong,No,No,Yes,12.745356
882,6,Female,Married,0,4.29,24,6,Yes,No,No,0-kids,Female,No,Elite,Yes,No,No,15.26232
277,1,Female,Married,1,1.76,4,1,No,Yes,No,1-kid,Female,Yes,Adequate,No,No,No,12.471211
406,1,Female,Married,0,4.54,2,1,Yes,No,No,0-kids,Female,No,Elite,Yes,No,No,13.91637
730,3,Female,Single,0,4.6199999,22,3,Yes,No,No,0-kids,Female,No,Elite,Yes,No,No,12.230931
889,6,Female,Single,0,3.1500001,9,6,Yes,No,No,0-kids,Female,No,Strong,No,No,Yes,17.184868
899,7,Female,Single,0,3.1500001,9,7,Yes,No,No,0-kids,Female,No,Strong,No,No,Yes,18.576363
92,0,Female,Married,0,2.76,0,,Yes,No,No,0-kids,Female,No,Good,No,Yes,No,15.769562
108,0,Female,Single,0,2.05,6,,Yes,No,No,0-kids,Female,No,Good,No,Yes,No,16.189877
367,1,Female,Single,0,1.255,0,1,Yes,No,No,0-kids,Female,Yes,Adequate,No,No,No,16.899176
337,1,Female,Married,2,3.54,17,1,No,No,Yes,2-3-kids,Female,No,Strong,No,No,Yes,17.148113
618,2,Female,Single,0,2.55,36,2,Yes,No,No,0-kids,Female,No,Good,No,Yes,No,11.560715
655,2,Female,Married,1,3.5899999,2,2,No,Yes,No,1-kid,Female,No,Strong,No,No,Yes,19.5242
404,1,Female,Married,0,1.95,3,1,Yes,No,No,0-kids,Female,Yes,Adequate,No,No,No,13.697062
153,0,Female,Single,0,2.3900001,10,,Yes,No,No,0-kids,Female,No,Good,No,Yes,No,16.576975
693,2,Female,Single,0,4.54,23,2,Yes,No,No,0-kids,Female,No,Elite,Yes,No,No,14.270784
366,1,Female,Married,0,2,5,1,Yes,No,No,0-kids,Female,No,Good,No,Yes,No,16.202379
249,0,Female,Single,0,1.25,2,,Yes,No,No,0-kids,Female,Yes,Adequate,No,No,No,17.894112
98,0,Female,Single,0,3.6199999,7,,Yes,No,No,0-kids,Female,No,Strong,No,No,Yes,18.401953
244,0,Female,Married,0,3.1500001,7,,Yes,No,No,0-kids,Female,No,Strong,No,No,Yes,13.323963
842,4,Female,Married,0,3.4100001,4,4,Yes,No,No,0-kids,Female,No,Strong,No,No,Yes,17.745651
396,1,Female,Married,3,3.1900001,9,1,No,No,Yes,2-3-kids,Female,No,Strong,No,No,Yes,16.155025
121,0,Female,Married,0,3.47,1,,Yes,No,No,0-kids,Female,No,Strong,No,No,Yes,11.578568
400,1,Female,Married,0,4.6199999,4,1,Yes,No,No,0-kids,Female,No,Elite,Yes,No,No,16.259188
646,2,Female,Married,1,3.21,7,2,No,Yes,No,1-kid,Female,No,Strong,No,No,Yes,15.086
894,6,Female,Single,0,3.3199999,6,6,Yes,No,No,0-kids,Female,No,Strong,No,No,Yes,19.237951
259,0,Female,Married,0,2.96,7,,Yes,No,No,0-kids,Female,No,Good,No,Yes,No,15.407546
532,2,Female,Married,1,1.74,4,2,No,Yes,No,1-kid,Female,Yes,Adequate,No,No,No,13.593293
292,1,Female,Married,0,4.29,11,1,Yes,No,No,0-kids,Female,No,Elite,Yes,No,No,18.096586
294,1,Female,Married,0,2.8699999,5,1,Yes,No,No,0-kids,Female,No,Good,No,Yes,No,15.075312
37,0,Female,Single,0,1.75,0,,Yes,No,No,0-kids,Female,Yes,Adequate,No,No,No,19.149033
213,0,Female,Married,1,3.5899999,8,,No,Yes,No,1-kid,Female,No,Strong,No,No,Yes,13.90689
825,4,Female,Married,0,3.21,14,4,Yes,No,No,0-kids,Female,No,Strong,No,No,Yes,16.571632
673,2,Female,Single,0,3.1900001,4,2,Yes,No,No,0-kids,Female,No,Strong,No,No,Yes,15.300932
207,0,Female,Married,0,2.6099999,3,,Yes,No,No,0-kids,Female,No,Good,No,Yes,No,12.907575
206,0,Female,Married,2,2.1199999,1,,No,No,Yes,2-3-kids,Female,No,Good,No,Yes,No,15.737496
56,0,Female,Single,0,2.1199999,11,,Yes,No,No,0-kids,Female,No,Good,No,Yes,No,16.322468
397,1,Female,Single,0,2.21,2,1,Yes,No,No,0-kids,Female,No,Good,No,Yes,No,16.281799
362,1,Female,Single,0,3.6900001,18,1,Yes,No,No,0-kids,Female,No,Strong,No,No,Yes,13.722591
579,2,Female,Married,2,1.22,4,2,No,No,Yes,2-3-kids,Female,Yes,Adequate,No,No,No,13.104202
504,1,Female,Married,1,2.8599999,2,1,No,Yes,No,1-kid,Female,No,Good,No,Yes,No,13.978821
640,2,Female,Single,0,4.29,21,2,Yes,No,No,0-kids,Female,No,Elite,Yes,No,No,12.377214
871,5,Female,Married,0,4.6199999,0,5,Yes,No,No,0-kids,Female,No,Elite,Yes,No,No,16.600327
657,2,Female,Single,0,2.8699999,9,2,Yes,No,No,0-kids,Female,No,Good,No,Yes,No,16.5105
706,3,Female,Married,1,3.5899999,3,3,No,Yes,No,1-kid,Female,No,Strong,No,No,Yes,12.790392
189,0,Female,Single,0,.755,0,,Yes,No,No,0-kids,Female,Yes,Adequate,No,No,No,8.7279606
113,0,Female,Married,1,3.3599999,2,,No,Yes,No,1-kid,Female,No,Strong,No,No,Yes,9.5394058
513,1,Female,Married,0,1.95,11,1,Yes,No,No,0-kids,Female,Yes,Adequate,No,No,No,13.235808
701,3,Female,Single,0,3.75,0,3,Yes,No,No,0-kids,Female,No,Strong,No,No,Yes,15.896011
61,0,Female,Single,0,2.8599999,6,,Yes,No,No,0-kids,Female,No,Good,No,Yes,No,10.686514
755,3,Female,Married,0,3.1500001,4,3,Yes,No,No,0-kids,Female,No,Strong,No,No,Yes,10.748371
822,4,Female,Single,0,2.8599999,39,4,Yes,No,No,0-kids,Female,No,Good,No,Yes,No,17.516193
746,3,Female,Single,0,2.05,5,3,Yes,No,No,0-kids,Female,No,Good,No,Yes,No,22.937901
174,0,Female,Single,0,1.76,10,,Yes,No,No,0-kids,Female,Yes,Adequate,No,No,No,15.46154
173,0,Female,Single,0,2.52,1,,Yes,No,No,0-kids,Female,No,Good,No,Yes,No,14.996405
170,0,Female,Married,0,3.6900001,7,,Yes,No,No,0-kids,Female,No,Strong,No,No,Yes,17.040157
110,0,Female,Married,2,3.3599999,2,,No,No,Yes,2-3-kids,Female,No,Strong,No,No,Yes,17.524921
196,0,Female,Single,0,2.8699999,15,,Yes,No,No,0-kids,Female,No,Good,No,Yes,No,10.646776
165,0,Female,Single,0,3.5899999,18,,Yes,No,No,0-kids,Female,No,Strong,No,No,Yes,11.380634
164,0,Female,Single,0,2.0999999,9,,Yes,No,No,0-kids,Female,No,Good,No,Yes,No,17.390162
162,0,Female,Single,0,3.75,1,,Yes,No,No,0-kids,Female,No,Strong,No,No,Yes,12.231136
21,0,Female,Married,0,2.26,6,,Yes,No,No,0-kids,Female,No,Good,No,Yes,No,12.120393
402,1,Female,Married,0,3.1500001,9,1,Yes,No,No,0-kids,Female,No,Strong,No,No,Yes,18.624609
326,1,Female,Single,0,3.1900001,11,1,Yes,No,No,0-kids,Female,No,Strong,No,No,Yes,18.743244
159,0,Female,Single,0,2.8599999,11,,Yes,No,No,0-kids,Female,No,Good,No,Yes,No,14.559843
859,5,Female,Single,0,3.5899999,14,5,Yes,No,No,0-kids,Female,No,Strong,No,No,Yes,15.140099
644,2,Female,Single,0,3.5899999,11,2,Yes,No,No,0-kids,Female,No,Strong,No,No,Yes,12.541654
480,1,Female,Married,0,4.6199999,18,1,Yes,No,No,0-kids,Female,No,Elite,Yes,No,No,11.709995
63,0,Female,Single,0,3.75,4,,Yes,No,No,0-kids,Female,No,Strong,No,No,Yes,13.856669
145,0,Female,Single,0,2,2,,Yes,No,No,0-kids,Female,No,Good,No,Yes,No,19.22385
248,0,Female,Single,0,2.3900001,15,,Yes,No,No,0-kids,Female,No,Good,No,Yes,No,7.8570457
148,0,Female,Single,0,2,2,,Yes,No,No,0-kids,Female,No,Good,No,Yes,No,13.805103
470,1,Female,Single,0,2.05,13,1,Yes,No,No,0-kids,Female,No,Good,No,Yes,No,11.242112
776,3,Female,Married,0,4.6199999,14,3,Yes,No,No,0-kids,Female,No,Elite,Yes,No,No,9.5859232
215,0,Female,Married,0,3.5899999,1,,Yes,No,No,0-kids,Female,No,Strong,No,No,Yes,18.452812
501,1,Female,Single,0,4.54,19,1,Yes,No,No,0-kids,Female,No,Elite,Yes,No,No,12.457084
146,0,Female,Married,2,3.4100001,5,,No,No,Yes,2-3-kids,Female,No,Strong,No,No,Yes,14.12033
135,0,Female,Single,0,2.1199999,9,,Yes,No,No,0-kids,Female,No,Good,No,Yes,No,21.809801
361,1,Female,Married,0,4.29,21,1,Yes,No,No,0-kids,Female,No,Elite,Yes,No,No,14.865503
131,0,Female,Single,0,2.52,2,,Yes,No,No,0-kids,Female,No,Good,No,Yes,No,17.590504
130,0,Female,Married,0,1.8099999,5,,Yes,No,No,0-kids,Female,Yes,Adequate,No,No,No,18.842634
462,1,Female,Single,0,4.6199999,5,1,Yes,No,No,0-kids,Female,No,Elite,Yes,No,No,11.471294
20,0,Female,Single,0,4.29,9,,Yes,No,No,0-kids,Female,No,Elite,Yes,No,No,10.167465
198,0,Female,Married,2,3.1900001,0,,No,No,Yes,2-3-kids,Female,No,Strong,No,No,Yes,17.440109
376,1,Female,Single,0,2,10,1,Yes,No,No,0-kids,Female,No,Good,No,Yes,No,21.147236
210,0,Female,Married,0,2.3900001,0,,Yes,No,No,0-kids,Female,No,Good,No,Yes,No,14.09615
301,1,Female,Single,0,2.3199999,15,1,Yes,No,No,0-kids,Female,No,Good,No,Yes,No,17.874691
757,3,Female,Single,0,4.54,3,3,Yes,No,No,0-kids,Female,No,Elite,Yes,No,No,12.80235
710,3,Female,Married,0,3.4100001,19,3,Yes,No,No,0-kids,Female,No,Strong,No,No,Yes,15.167808
751,3,Female,Married,0,2.96,22,3,Yes,No,No,0-kids,Female,No,Good,No,Yes,No,13.917959
188,0,Female,Single,0,4.29,12,,Yes,No,No,0-kids,Female,No,Elite,Yes,No,No,13.55137
112,0,Female,Single,0,2.1199999,0,,Yes,No,No,0-kids,Female,No,Good,No,Yes,No,13.652013
427,1,Female,Single,0,3.75,24,1,Yes,No,No,0-kids,Female,No,Strong,No,No,Yes,17.832054
453,1,Female,Single,0,2.51,1,1,Yes,No,No,0-kids,Female,No,Good,No,Yes,No,20.036379
87,0,Female,Single,0,4.29,35,,Yes,No,No,0-kids,Female,No,Elite,Yes,No,No,14.019265
104,0,Female,Married,0,3.1900001,4,,Yes,No,No,0-kids,Female,No,Strong,No,No,Yes,17.321251
111,0,Female,Married,0,3.47,11,,Yes,No,No,0-kids,Female,No,Strong,No,No,Yes,17.159445
408,1,Female,Married,0,3.8499999,29,1,Yes,No,No,0-kids,Female,No,Strong,No,No,Yes,17.429543
654,2,Female,Married,0,3.0899999,1,2,Yes,No,No,0-kids,Female,No,Strong,No,No,Yes,16.489052
604,2,Female,Single,0,3.4100001,14,2,Yes,No,No,0-kids,Female,No,Strong,No,No,Yes,15.55127
428,1,Female,Single,0,2.05,17,1,Yes,No,No,0-kids,Female,No,Good,No,Yes,No,13.246419
40,0,Female,Married,0,3.75,5,,Yes,No,No,0-kids,Female,No,Strong,No,No,Yes,15.434456
81,0,Female,Single,0,2.0999999,2,,Yes,No,No,0-kids,Female,No,Good,No,Yes,No,14.9689
827,4,Female,Single,0,3.3399999,11,4,Yes,No,No,0-kids,Female,No,Strong,No,No,Yes,13.719092
627,2,Female,Married,2,2.5799999,3,2,No,No,Yes,2-3-kids,Female,No,Good,No,Yes,No,13.741399
75,0,Female,Married,0,1.28,4,,Yes,No,No,0-kids,Female,Yes,Adequate,No,No,No,10.75676
186,0,Female,Married,1,4.6199999,15,,No,Yes,No,1-kid,Female,No,Elite,Yes,No,No,12.533559
70,0,Female,Single,0,1.005,0,,Yes,No,No,0-kids,Female,Yes,Adequate,No,No,No,15.722481
525,2,Female,Married,0,4.54,10,2,Yes,No,No,0-kids,Female,No,Elite,Yes,No,No,18.600361
197,0,Female,Married,0,2.96,0,,Yes,No,No,0-kids,Female,No,Good,No,Yes,No,13.794506
271,0,Female,Married,0,2.5799999,0,,Yes,No,No,0-kids,Female,No,Good,No,Yes,No,15.739502
119,0,Female,Single,0,2.1199999,11,,Yes,No,No,0-kids,Female,No,Good,No,Yes,No,13.323371
517,1,Female,Married,2,4.29,13,1,No,No,Yes,2-3-kids,Female,No,Elite,Yes,No,No,12.054348
341,1,Female,Single,0,3.5899999,3,1,Yes,No,No,0-kids,Female,No,Strong,No,No,Yes,12.0888
36,0,Female,Single,0,2,0,,Yes,No,No,0-kids,Female,No,Good,No,Yes,No,11.202161
49,0,Female,Single,0,4.54,14,,Yes,No,No,0-kids,Female,No,Elite,Yes,No,No,13.54054
152,0,Female,Married,0,3.5899999,12,,Yes,No,No,0-kids,Female,No,Strong,No,No,Yes,13.93065
615,2,Female,Single,0,3.1900001,5,2,Yes,No,No,0-kids,Female,No,Strong,No,No,Yes,14.607598
668,2,Female,Married,2,3.5899999,11,2,No,No,Yes,2-3-kids,Female,No,Strong,No,No,Yes,13.173347
843,4,Female,Single,0,3.5899999,9,4,Yes,No,No,0-kids,Female,No,Strong,No,No,Yes,15.523251
580,2,Female,Single,0,2.54,4,2,Yes,No,No,0-kids,Female,No,Good,No,Yes,No,11.125698
19,0,Female,Single,0,3.3599999,7,,Yes,No,No,0-kids,Female,No,Strong,No,No,Yes,13.084317
319,1,Female,Single,0,2.0999999,8,1,Yes,No,No,0-kids,Female,No,Good,No,Yes,No,16.534691
413,1,Female,Married,1,2.1199999,9,1,No,Yes,No,1-kid,Female,No,Good,No,Yes,No,12.904445
369,1,Female,Single,0,3.8499999,2,1,Yes,No,No,0-kids,Female,No,Strong,No,No,Yes,14.437528
876,5,Female,Single,0,2.5799999,6,5,Yes,No,No,0-kids,Female,No,Good,No,Yes,No,19.715298
177,0,Female,Single,0,3.75,14,,Yes,No,No,0-kids,Female,No,Strong,No,No,Yes,11.526567
187,0,Female,Single,0,2.76,4,,Yes,No,No,0-kids,Female,No,Good,No,Yes,No,17.721756
16,0,Female,Single,0,3.0899999,1,,Yes,No,No,0-kids,Female,No,Strong,No,No,Yes,9.9794331
316,1,Female,Single,0,2.8699999,6,1,Yes,No,No,0-kids,Female,No,Good,No,Yes,No,16.13731
17,0,Female,Married,0,2,7,,Yes,No,No,0-kids,Female,No,Good,No,Yes,No,11.645474
250,0,Female,Single,0,2.76,1,,Yes,No,No,0-kids,Female,No,Good,No,Yes,No,18.873886
551,2,Female,Single,0,3.75,5,2,Yes,No,No,0-kids,Female,No,Strong,No,No,Yes,15.747674
318,1,Female,Single,0,2.25,7,1,Yes,No,No,0-kids,Female,No,Good,No,Yes,No,14.675564
371,1,Female,Single,0,3.47,3,1,Yes,No,No,0-kids,Female,No,Strong,No,No,Yes,8.2238865
